Workbook

Sheet Admin
A1: PREPARED BY | B1: RANK | C1: Initials
A3: APPROVED BY SUPERVISOR | B3: RANK
A5: NAME (Last, First, Middle Initial) | B5: RANK | C5: M/F | D5: AGE | E5: HEIGHT (to nearest 0.50 inch) | F5: WEIGHT (to nearest pound) | G5: 540? | H5: MAX Weight | I5: Pass/Needs Tape | J5: FIRST | K5: SECOND | L5: THIRD | M5: AVERAGE (to nearest 0.50 in.) | N5: BODY FAT % (Figure B-1/B-2) | O5: EQUATION | P5: MAX BODY FAT % | Q5: Pass/Fail | R5: PREPARED BY | S5: RANK | T5: APPROVED BY SUPERVISOR | U5: RANK
H6: =IF(OR(Admin!E6="", Admin!D6=""), "", IF(Admin!C6="M", INDEX('Table B-1'!$C$9:$AX$31, MATCH(Admin!E6, 'Table B-1'!$A$9:$A$31, 0), MATCH(MIN(40,Admin!D6), 'Table B-1'!$C$4:$Z$4, 1)), IF(Admin!C6="F", INDEX('Table B-1'!$AA$9:$AX$31, MATCH(Admin!E6, 'Table B-1'!$A$9:$A$31, 0), MATCH(MIN(40,Admin!D6), 'Table B-1'!$AA$4:$AX$4, 1)), "" ) ) ) | I6: =IF(F6="", "", IF(F6>H6, "Needs Tape", IF(F6<=H6, "Pass", ""))) | M6: =IF(OR(ABS(J6-K6)>1, ABS(K6-L6)>1, ABS(J6-L6)>1), "Measurements differ by more than 1 inch", IF(OR(J6="", K6="", L6=""), "", ROUND(AVERAGE(J6, K6, L6)*2, 0)/2) ) | N6: =IF(OR(Admin!F6="", Admin!M6=""), "", IF(Admin!C6="M", IFERROR(INDEX('Figure B-1 Male'!$C$4:$AJ$164, MATCH(Admin!F6, 'Figure B-1 Male'!$B$4:$B$164, 0), MATCH(Admin!M6, 'Figure B-1 Male'!$C$3:$AJ$3, 1)) / 100, ""), IF(Admin!C6="F", IFERROR(INDEX('Figure B-2 Female'!$C$4:$AJ$164, MATCH(Admin!F6, 'Figure B-2 Female'!$B$4:$B$164, 0), MATCH(Admin!M6, 'Figure B-2 Female'!$C$3:$AJ$3, 1)) / 100, ""), "" ) ) ) | O6: =IF(OR(F6="", M6=""), "", IF(Admin!C6="M", (-26.97 - (0.12 * F6) + (1.99 * M6)) / 100, IF(Admin!C6="F", (-9.15 - (0.015 * F6) + (1.27 * M6)) / 100, "" ) ) ) | P6: =IF(OR(Admin!I6="Pass", Admin!I6=""), "", IF(Admin!D6="", "", IF(Admin!C6="M", INDEX('Table B-2'!$D$7:$D$30, MATCH(MIN(40, Admin!D6), 'Table B-2'!$C$7:$C$30, 0)), IF(Admin!C6="F", INDEX('Table B-2'!$F$7:$F$30, MATCH(MIN(40, Admin!D6), 'Table B-2'!$E$7:$E$30, 0)), "" ) ) ) ) | Q6: =IF(OR(O6="", P6=""), "", IF(O6>P6, "Fail Tape", IF(O6<=P6, "Pass", "")) )
H7: =IF(OR(Admin!E7="", Admin!D7=""), "", IF(Admin!C7="M", INDEX('Table B-1'!$C$9:$AX$31, MATCH(Admin!E7, 'Table B-1'!$A$9:$A$31, 0), MATCH(MIN(40,Admin!D7), 'Table B-1'!$C$4:$Z$4, 1)), IF(Admin!C7="F", INDEX('Table B-1'!$AA$9:$AX$31, MATCH(Admin!E7, 'Table B-1'!$A$9:$A$31, 0), MATCH(MIN(40,Admin!D7), 'Table B-1'!$AA$4:$AX$4, 1)), "" ) ) ) | I7: =IF(F7="", "", IF(F7>H7, "Needs Tape", IF(F7<=H7, "Pass", ""))) | M7: =IF(OR(ABS(J7-K7)>1, ABS(K7-L7)>1, ABS(J7-L7)>1), "Measurements differ by more than 1 inch", IF(OR(J7="", K7="", L7=""), "", ROUND(AVERAGE(J7, K7, L7)*2, 0)/2) ) | N7: =IF(OR(Admin!F7="", Admin!M7=""), "", IF(Admin!C7="M", IFERROR(INDEX('Figure B-1 Male'!$C$4:$AJ$164, MATCH(Admin!F7, 'Figure B-1 Male'!$B$4:$B$164, 0), MATCH(Admin!M7, 'Figure B-1 Male'!$C$3:$AJ$3, 1)) / 100, ""), IF(Admin!C7="F", IFERROR(INDEX('Figure B-2 Female'!$C$4:$AJ$164, MATCH(Admin!F7, 'Figure B-2 Female'!$B$4:$B$164, 0), MATCH(Admin!M7, 'Figure B-2 Female'!$C$3:$AJ$3, 1)) / 100, ""), "" ) ) ) | O7: =IF(OR(F7="", M7=""), "", IF(Admin!C7="M", (-26.97 - (0.12 * F7) + (1.99 * M7)) / 100, IF(Admin!C7="F", (-9.15 - (0.015 * F7) + (1.27 * M7)) / 100, "" ) ) ) | P7: =IF(OR(Admin!I7="Pass", Admin!I7=""), "", IF(Admin!D7="", "", IF(Admin!C7="M", INDEX('Table B-2'!$D$7:$D$30, MATCH(MIN(40, Admin!D7), 'Table B-2'!$C$7:$C$30, 0)), IF(Admin!C7="F", INDEX('Table B-2'!$F$7:$F$30, MATCH(MIN(40, Admin!D7), 'Table B-2'!$E$7:$E$30, 0)), "" ) ) ) ) | Q7: =IF(OR(N7="", P7=""), "", IF(N7>P7, "Fail Tape", IF(N7<=P7, "Pass", "")) )
H8: =IF(OR(Admin!E8="", Admin!D8=""), "", IF(Admin!C8="M", INDEX('Table B-1'!$C$9:$AX$31, MATCH(Admin!E8, 'Table B-1'!$A$9:$A$31, 0), MATCH(MIN(40,Admin!D8), 'Table B-1'!$C$4:$Z$4, 1)), IF(Admin!C8="F", INDEX('Table B-1'!$AA$9:$AX$31, MATCH(Admin!E8, 'Table B-1'!$A$9:$A$31, 0), MATCH(MIN(40,Admin!D8), 'Table B-1'!$AA$4:$AX$4, 1)), "" ) ) ) | I8: =IF(F8="", "", IF(F8>H8, "Needs Tape", IF(F8<=H8, "Pass", ""))) | M8: =IF(OR(ABS(J8-K8)>1, ABS(K8-L8)>1, ABS(J8-L8)>1), "Measurements differ by more than 1 inch", IF(OR(J8="", K8="", L8=""), "", ROUND(AVERAGE(J8, K8, L8)*2, 0)/2) ) | N8: =IF(OR(Admin!F8="", Admin!M8=""), "", IF(Admin!C8="M", IFERROR(INDEX('Figure B-1 Male'!$C$4:$AJ$164, MATCH(Admin!F8, 'Figure B-1 Male'!$B$4:$B$164, 0), MATCH(Admin!M8, 'Figure B-1 Male'!$C$3:$AJ$3, 1)) / 100, ""), IF(Admin!C8="F", IFERROR(INDEX('Figure B-2 Female'!$C$4:$AJ$164, MATCH(Admin!F8, 'Figure B-2 Female'!$B$4:$B$164, 0), MATCH(Admin!M8, 'Figure B-2 Female'!$C$3:$AJ$3, 1)) / 100, ""), "" ) ) ) | O8: =IF(OR(F8="", M8=""), "", IF(Admin!C8="M", (-26.97 - (0.12 * F8) + (1.99 * M8)) / 100, IF(Admin!C8="F", (-9.15 - (0.015 * F8) + (1.27 * M8)) / 100, "" ) ) ) | P8: =IF(OR(Admin!I8="Pass", Admin!I8=""), "", IF(Admin!D8="", "", IF(Admin!C8="M", INDEX('Table B-2'!$D$7:$D$30, MATCH(MIN(40, Admin!D8), 'Table B-2'!$C$7:$C$30, 0)), IF(Admin!C8="F", INDEX('Table B-2'!$F$7:$F$30, MATCH(MIN(40, Admin!D8), 'Table B-2'!$E$7:$E$30, 0)), "" ) ) ) ) | Q8: =IF(OR(N8="", P8=""), "", IF(N8>P8, "Fail Tape", IF(N8<=P8, "Pass", "")) )
H9: =IF(OR(Admin!E9="", Admin!D9=""), "", IF(Admin!C9="M", INDEX('Table B-1'!$C$9:$AX$31, MATCH(Admin!E9, 'Table B-1'!$A$9:$A$31, 0), MATCH(MIN(40,Admin!D9), 'Table B-1'!$C$4:$Z$4, 1)), IF(Admin!C9="F", INDEX('Table B-1'!$AA$9:$AX$31, MATCH(Admin!E9, 'Table B-1'!$A$9:$A$31, 0), MATCH(MIN(40,Admin!D9), 'Table B-1'!$AA$4:$AX$4, 1)), "" ) ) ) | I9: =IF(F9="", "", IF(F9>H9, "Needs Tape", IF(F9<=H9, "Pass", ""))) | M9: =IF(OR(ABS(J9-K9)>1, ABS(K9-L9)>1, ABS(J9-L9)>1), "Measurements differ by more than 1 inch", IF(OR(J9="", K9="", L9=""), "", ROUND(AVERAGE(J9, K9, L9)*2, 0)/2) ) | N9: =IF(OR(Admin!F9="", Admin!M9=""), "", IF(Admin!C9="M", IFERROR(INDEX('Figure B-1 Male'!$C$4:$AJ$164, MATCH(Admin!F9, 'Figure B-1 Male'!$B$4:$B$164, 0), MATCH(Admin!M9, 'Figure B-1 Male'!$C$3:$AJ$3, 1)) / 100, ""), IF(Admin!C9="F", IFERROR(INDEX('Figure B-2 Female'!$C$4:$AJ$164, MATCH(Admin!F9, 'Figure B-2 Female'!$B$4:$B$164, 0), MATCH(Admin!M9, 'Figure B-2 Female'!$C$3:$AJ$3, 1)) / 100, ""), "" ) ) ) | O9: =IF(OR(F9="", M9=""), "", IF(Admin!C9="M", (-26.97 - (0.12 * F9) + (1.99 * M9)) / 100, IF(Admin!C9="F", (-9.15 - (0.015 * F9) + (1.27 * M9)) / 100, "" ) ) ) | P9: =IF(OR(Admin!I9="Pass", Admin!I9=""), "", IF(Admin!D9="", "", IF(Admin!C9="M", INDEX('Table B-2'!$D$7:$D$30, MATCH(MIN(40, Admin!D9), 'Table B-2'!$C$7:$C$30, 0)), IF(Admin!C9="F", INDEX('Table B-2'!$F$7:$F$30, MATCH(MIN(40, Admin!D9), 'Table B-2'!$E$7:$E$30, 0)), "" ) ) ) ) | Q9: =IF(OR(N9="", P9=""), "", IF(N9>P9, "Fail Tape", IF(N9<=P9, "Pass", "")) )
H10: =IF(OR(Admin!E10="", Admin!D10=""), "", IF(Admin!C10="M", INDEX('Table B-1'!$C$9:$AX$31, MATCH(Admin!E10, 'Table B-1'!$A$9:$A$31, 0), MATCH(MIN(40,Admin!D10), 'Table B-1'!$C$4:$Z$4, 1)), IF(Admin!C10="F", INDEX('Table B-1'!$AA$9:$AX$31, MATCH(Admin!E10, 'Table B-1'!$A$9:$A$31, 0), MATCH(MIN(40,Admin!D10), 'Table B-1'!$AA$4:$AX$4, 1)), "" ) ) ) | I10: =IF(F10="", "", IF(F10>H10, "Needs Tape", IF(F10<=H10, "Pass", ""))) | M10: =IF(OR(ABS(J10-K10)>1, ABS(K10-L10)>1, ABS(J10-L10)>1), "Measurements differ by more than 1 inch", IF(OR(J10="", K10="", L10=""), "", ROUND(AVERAGE(J10, K10, L10)*2, 0)/2) ) | N10: =IF(OR(Admin!F10="", Admin!M10=""), "", IF(Admin!C10="M", IFERROR(INDEX('Figure B-1 Male'!$C$4:$AJ$164, MATCH(Admin!F10, 'Figure B-1 Male'!$B$4:$B$164, 0), MATCH(Admin!M10, 'Figure B-1 Male'!$C$3:$AJ$3, 1)) / 100, ""), IF(Admin!C10="F", IFERROR(INDEX('Figure B-2 Female'!$C$4:$AJ$164, MATCH(Admin!F10, 'Figure B-2 Female'!$B$4:$B$164, 0), MATCH(Admin!M10, 'Figure B-2 Female'!$C$3:$AJ$3, 1)) / 100, ""), "" ) ) ) | O10: =IF(OR(F10="", M10=""), "", IF(Admin!C10="M", (-26.97 - (0.12 * F10) + (1.99 * M10)) / 100, IF(Admin!C10="F", (-9.15 - (0.015 * F10) + (1.27 * M10)) / 100, "" ) ) ) | P10: =IF(OR(Admin!I10="Pass", Admin!I10=""), "", IF(Admin!D10="", "", IF(Admin!C10="M", INDEX('Table B-2'!$D$7:$D$30, MATCH(MIN(40, Admin!D10), 'Table B-2'!$C$7:$C$30, 0)), IF(Admin!C10="F", INDEX('Table B-2'!$F$7:$F$30, MATCH(MIN(40, Admin!D10), 'Table B-2'!$E$7:$E$30, 0)), "" ) ) ) ) | Q10: =IF(OR(N10="", P10=""), "", IF(N10>P10, "Fail Tape", IF(N10<=P10, "Pass", "")) )
H11: =IF(OR(Admin!E11="", Admin!D11=""), "", IF(Admin!C11="M", INDEX('Table B-1'!$C$9:$AX$31, MATCH(Admin!E11, 'Table B-1'!$A$9:$A$31, 0), MATCH(MIN(40,Admin!D11), 'Table B-1'!$C$4:$Z$4, 1)), IF(Admin!C11="F", INDEX('Table B-1'!$AA$9:$AX$31, MATCH(Admin!E11, 'Table B-1'!$A$9:$A$31, 0), MATCH(MIN(40,Admin!D11), 'Table B-1'!$AA$4:$AX$4, 1)), "" ) ) ) | I11: =IF(F11="", "", IF(F11>H11, "Needs Tape", IF(F11<=H11, "Pass", ""))) | M11: =IF(OR(ABS(J11-K11)>1, ABS(K11-L11)>1, ABS(J11-L11)>1), "Measurements differ by more than 1 inch", IF(OR(J11="", K11="", L11=""), "", ROUND(AVERAGE(J11, K11, L11)*2, 0)/2) ) | N11: =IF(OR(Admin!F11="", Admin!M11=""), "", IF(Admin!C11="M", IFERROR(INDEX('Figure B-1 Male'!$C$4:$AJ$164, MATCH(Admin!F11, 'Figure B-1 Male'!$B$4:$B$164, 0), MATCH(Admin!M11, 'Figure B-1 Male'!$C$3:$AJ$3, 1)) / 100, ""), IF(Admin!C11="F", IFERROR(INDEX('Figure B-2 Female'!$C$4:$AJ$164, MATCH(Admin!F11, 'Figure B-2 Female'!$B$4:$B$164, 0), MATCH(Admin!M11, 'Figure B-2 Female'!$C$3:$AJ$3, 1)) / 100, ""), "" ) ) ) | O11: =IF(OR(F11="", M11=""), "", IF(Admin!C11="M", (-26.97 - (0.12 * F11) + (1.99 * M11)) / 100, IF(Admin!C11="F", (-9.15 - (0.015 * F11) + (1.27 * M11)) / 100, "" ) ) ) | P11: =IF(OR(Admin!I11="Pass", Admin!I11=""), "", IF(Admin!D11="", "", IF(Admin!C11="M", INDEX('Table B-2'!$D$7:$D$30, MATCH(MIN(40, Admin!D11), 'Table B-2'!$C$7:$C$30, 0)), IF(Admin!C11="F", INDEX('Table B-2'!$F$7:$F$30, MATCH(MIN(40, Admin!D11), 'Table B-2'!$E$7:$E$30, 0)), "" ) ) ) ) | Q11: =IF(OR(N11="", P11=""), "", IF(N11>P11, "Fail Tape", IF(N11<=P11, "Pass", "")) )
H12: =IF(OR(Admin!E12="", Admin!D12=""), "", IF(Admin!C12="M", INDEX('Table B-1'!$C$9:$AX$31, MATCH(Admin!E12, 'Table B-1'!$A$9:$A$31, 0), MATCH(MIN(40,Admin!D12), 'Table B-1'!$C$4:$Z$4, 1)), IF(Admin!C12="F", INDEX('Table B-1'!$AA$9:$AX$31, MATCH(Admin!E12, 'Table B-1'!$A$9:$A$31, 0), MATCH(MIN(40,Admin!D12), 'Table B-1'!$AA$4:$AX$4, 1)), "" ) ) ) | I12: =IF(F12="", "", IF(F12>H12, "Needs Tape", IF(F12<=H12, "Pass", ""))) | M12: =IF(OR(ABS(J12-K12)>1, ABS(K12-L12)>1, ABS(J12-L12)>1), "Measurements differ by more than 1 inch", IF(OR(J12="", K12="", L12=""), "", ROUND(AVERAGE(J12, K12, L12)*2, 0)/2) ) | N12: =IF(OR(Admin!F12="", Admin!M12=""), "", IF(Admin!C12="M", IFERROR(INDEX('Figure B-1 Male'!$C$4:$AJ$164, MATCH(Admin!F12, 'Figure B-1 Male'!$B$4:$B$164, 0), MATCH(Admin!M12, 'Figure B-1 Male'!$C$3:$AJ$3, 1)) / 100, ""), IF(Admin!C12="F", IFERROR(INDEX('Figure B-2 Female'!$C$4:$AJ$164, MATCH(Admin!F12, 'Figure B-2 Female'!$B$4:$B$164, 0), MATCH(Admin!M12, 'Figure B-2 Female'!$C$3:$AJ$3, 1)) / 100, ""), "" ) ) ) | O12: =IF(OR(F12="", M12=""), "", IF(Admin!C12="M", (-26.97 - (0.12 * F12) + (1.99 * M12)) / 100, IF(Admin!C12="F", (-9.15 - (0.015 * F12) + (1.27 * M12)) / 100, "" ) ) ) | P12: =IF(OR(Admin!I12="Pass", Admin!I12=""), "", IF(Admin!D12="", "", IF(Admin!C12="M", INDEX('Table B-2'!$D$7:$D$30, MATCH(MIN(40, Admin!D12), 'Table B-2'!$C$7:$C$30, 0)), IF(Admin!C12="F", INDEX('Table B-2'!$F$7:$F$30, MATCH(MIN(40, Admin!D12), 'Table B-2'!$E$7:$E$30, 0)), "" ) ) ) ) | Q12: =IF(OR(N12="", P12=""), "", IF(N12>P12, "Fail Tape", IF(N12<=P12, "Pass", "")) )
H13: =IF(OR(Admin!E13="", Admin!D13=""), "", IF(Admin!C13="M", INDEX('Table B-1'!$C$9:$AX$31, MATCH(Admin!E13, 'Table B-1'!$A$9:$A$31, 0), MATCH(MIN(40,Admin!D13), 'Table B-1'!$C$4:$Z$4, 1)), IF(Admin!C13="F", INDEX('Table B-1'!$AA$9:$AX$31, MATCH(Admin!E13, 'Table B-1'!$A$9:$A$31, 0), MATCH(MIN(40,Admin!D13), 'Table B-1'!$AA$4:$AX$4, 1)), "" ) ) ) | I13: =IF(F13="", "", IF(F13>H13, "Needs Tape", IF(F13<=H13, "Pass", ""))) | M13: =IF(OR(ABS(J13-K13)>1, ABS(K13-L13)>1, ABS(J13-L13)>1), "Measurements differ by more than 1 inch", IF(OR(J13="", K13="", L13=""), "", ROUND(AVERAGE(J13, K13, L13)*2, 0)/2) ) | N13: =IF(OR(Admin!F13="", Admin!M13=""), "", IF(Admin!C13="M", IFERROR(INDEX('Figure B-1 Male'!$C$4:$AJ$164, MATCH(Admin!F13, 'Figure B-1 Male'!$B$4:$B$164, 0), MATCH(Admin!M13, 'Figure B-1 Male'!$C$3:$AJ$3, 1)) / 100, ""), IF(Admin!C13="F", IFERROR(INDEX('Figure B-2 Female'!$C$4:$AJ$164, MATCH(Admin!F13, 'Figure B-2 Female'!$B$4:$B$164, 0), MATCH(Admin!M13, 'Figure B-2 Female'!$C$3:$AJ$3, 1)) / 100, ""), "" ) ) ) | O13: =IF(OR(F13="", M13=""), "", IF(Admin!C13="M", (-26.97 - (0.12 * F13) + (1.99 * M13)) / 100, IF(Admin!C13="F", (-9.15 - (0.015 * F13) + (1.27 * M13)) / 100, "" ) ) ) | P13: =IF(OR(Admin!I13="Pass", Admin!I13=""), "", IF(Admin!D13="", "", IF(Admin!C13="M", INDEX('Table B-2'!$D$7:$D$30, MATCH(MIN(40, Admin!D13), 'Table B-2'!$C$7:$C$30, 0)), IF(Admin!C13="F", INDEX('Table B-2'!$F$7:$F$30, MATCH(MIN(40, Admin!D13), 'Table B-2'!$E$7:$E$30, 0)), "" ) ) ) ) | Q13: =IF(OR(N13="", P13=""), "", IF(N13>P13, "Fail Tape", IF(N13<=P13, "Pass", "")) )
H14: =IF(OR(Admin!E14="", Admin!D14=""), "", IF(Admin!C14="M", INDEX('Table B-1'!$C$9:$AX$31, MATCH(Admin!E14, 'Table B-1'!$A$9:$A$31, 0), MATCH(MIN(40,Admin!D14), 'Table B-1'!$C$4:$Z$4, 1)), IF(Admin!C14="F", INDEX('Table B-1'!$AA$9:$AX$31, MATCH(Admin!E14, 'Table B-1'!$A$9:$A$31, 0), MATCH(MIN(40,Admin!D14), 'Table B-1'!$AA$4:$AX$4, 1)), "" ) ) ) | I14: =IF(F14="", "", IF(F14>H14, "Needs Tape", IF(F14<=H14, "Pass", ""))) | M14: =IF(OR(ABS(J14-K14)>1, ABS(K14-L14)>1, ABS(J14-L14)>1), "Measurements differ by more than 1 inch", IF(OR(J14="", K14="", L14=""), "", ROUND(AVERAGE(J14, K14, L14)*2, 0)/2) ) | N14: =IF(OR(Admin!F14="", Admin!M14=""), "", IF(Admin!C14="M", IFERROR(INDEX('Figure B-1 Male'!$C$4:$AJ$164, MATCH(Admin!F14, 'Figure B-1 Male'!$B$4:$B$164, 0), MATCH(Admin!M14, 'Figure B-1 Male'!$C$3:$AJ$3, 1)) / 100, ""), IF(Admin!C14="F", IFERROR(INDEX('Figure B-2 Female'!$C$4:$AJ$164, MATCH(Admin!F14, 'Figure B-2 Female'!$B$4:$B$164, 0), MATCH(Admin!M14, 'Figure B-2 Female'!$C$3:$AJ$3, 1)) / 100, ""), "" ) ) ) | O14: =IF(OR(F14="", M14=""), "", IF(Admin!C14="M", (-26.97 - (0.12 * F14) + (1.99 * M14)) / 100, IF(Admin!C14="F", (-9.15 - (0.015 * F14) + (1.27 * M14)) / 100, "" ) ) ) | P14: =IF(OR(Admin!I14="Pass", Admin!I14=""), "", IF(Admin!D14="", "", IF(Admin!C14="M", INDEX('Table B-2'!$D$7:$D$30, MATCH(MIN(40, Admin!D14), 'Table B-2'!$C$7:$C$30, 0)), IF(Admin!C14="F", INDEX('Table B-2'!$F$7:$F$30, MATCH(MIN(40, Admin!D14), 'Table B-2'!$E$7:$E$30, 0)), "" ) ) ) ) | Q14: =IF(OR(N14="", P14=""), "", IF(N14>P14, "Fail Tape", IF(N14<=P14, "Pass", "")) )
H15: =IF(OR(Admin!E15="", Admin!D15=""), "", IF(Admin!C15="M", INDEX('Table B-1'!$C$9:$AX$31, MATCH(Admin!E15, 'Table B-1'!$A$9:$A$31, 0), MATCH(MIN(40,Admin!D15), 'Table B-1'!$C$4:$Z$4, 1)), IF(Admin!C15="F", INDEX('Table B-1'!$AA$9:$AX$31, MATCH(Admin!E15, 'Table B-1'!$A$9:$A$31, 0), MATCH(MIN(40,Admin!D15), 'Table B-1'!$AA$4:$AX$4, 1)), "" ) ) ) | I15: =IF(F15="", "", IF(F15>H15, "Needs Tape", IF(F15<=H15, "Pass", ""))) | M15: =IF(OR(ABS(J15-K15)>1, ABS(K15-L15)>1, ABS(J15-L15)>1), "Measurements differ by more than 1 inch", IF(OR(J15="", K15="", L15=""), "", ROUND(AVERAGE(J15, K15, L15)*2, 0)/2) ) | N15: =IF(OR(Admin!F15="", Admin!M15=""), "", IF(Admin!C15="M", IFERROR(INDEX('Figure B-1 Male'!$C$4:$AJ$164, MATCH(Admin!F15, 'Figure B-1 Male'!$B$4:$B$164, 0), MATCH(Admin!M15, 'Figure B-1 Male'!$C$3:$AJ$3, 1)) / 100, ""), IF(Admin!C15="F", IFERROR(INDEX('Figure B-2 Female'!$C$4:$AJ$164, MATCH(Admin!F15, 'Figure B-2 Female'!$B$4:$B$164, 0), MATCH(Admin!M15, 'Figure B-2 Female'!$C$3:$AJ$3, 1)) / 100, ""), "" ) ) ) | O15: =IF(OR(F15="", M15=""), "", IF(Admin!C15="M", (-26.97 - (0.12 * F15) + (1.99 * M15)) / 100, IF(Admin!C15="F", (-9.15 - (0.015 * F15) + (1.27 * M15)) / 100, "" ) ) ) | P15: =IF(OR(Admin!I15="Pass", Admin!I15=""), "", IF(Admin!D15="", "", IF(Admin!C15="M", INDEX('Table B-2'!$D$7:$D$30, MATCH(MIN(40, Admin!D15), 'Table B-2'!$C$7:$C$30, 0)), IF(Admin!C15="F", INDEX('Table B-2'!$F$7:$F$30, MATCH(MIN(40, Admin!D15), 'Table B-2'!$E$7:$E$30, 0)), "" ) ) ) ) | Q15: =IF(OR(N15="", P15=""), "", IF(N15>P15, "Fail Tape", IF(N15<=P15, "Pass", "")) )
H16: =IF(OR(Admin!E16="", Admin!D16=""), "", IF(Admin!C16="M", INDEX('Table B-1'!$C$9:$AX$31, MATCH(Admin!E16, 'Table B-1'!$A$9:$A$31, 0), MATCH(MIN(40,Admin!D16), 'Table B-1'!$C$4:$Z$4, 1)), IF(Admin!C16="F", INDEX('Table B-1'!$AA$9:$AX$31, MATCH(Admin!E16, 'Table B-1'!$A$9:$A$31, 0), MATCH(MIN(40,Admin!D16), 'Table B-1'!$AA$4:$AX$4, 1)), "" ) ) ) | I16: =IF(F16="", "", IF(F16>H16, "Needs Tape", IF(F16<=H16, "Pass", ""))) | M16: =IF(OR(ABS(J16-K16)>1, ABS(K16-L16)>1, ABS(J16-L16)>1), "Measurements differ by more than 1 inch", IF(OR(J16="", K16="", L16=""), "", ROUND(AVERAGE(J16, K16, L16)*2, 0)/2) ) | N16: =IF(OR(Admin!F16="", Admin!M16=""), "", IF(Admin!C16="M", IFERROR(INDEX('Figure B-1 Male'!$C$4:$AJ$164, MATCH(Admin!F16, 'Figure B-1 Male'!$B$4:$B$164, 0), MATCH(Admin!M16, 'Figure B-1 Male'!$C$3:$AJ$3, 1)) / 100, ""), IF(Admin!C16="F", IFERROR(INDEX('Figure B-2 Female'!$C$4:$AJ$164, MATCH(Admin!F16, 'Figure B-2 Female'!$B$4:$B$164, 0), MATCH(Admin!M16, 'Figure B-2 Female'!$C$3:$AJ$3, 1)) / 100, ""), "" ) ) ) | O16: =IF(OR(F16="", M16=""), "", IF(Admin!C16="M", (-26.97 - (0.12 * F16) + (1.99 * M16)) / 100, IF(Admin!C16="F", (-9.15 - (0.015 * F16) + (1.27 * M16)) / 100, "" ) ) ) | P16: =IF(OR(Admin!I16="Pass", Admin!I16=""), "", IF(Admin!D16="", "", IF(Admin!C16="M", INDEX('Table B-2'!$D$7:$D$30, MATCH(MIN(40, Admin!D16), 'Table B-2'!$C$7:$C$30, 0)), IF(Admin!C16="F", INDEX('Table B-2'!$F$7:$F$30, MATCH(MIN(40, Admin!D16), 'Table B-2'!$E$7:$E$30, 0)), "" ) ) ) ) | Q16: =IF(OR(N16="", P16=""), "", IF(N16>P16, "Fail Tape", IF(N16<=P16, "Pass", "")) )
H17: =IF(OR(Admin!E17="", Admin!D17=""), "", IF(Admin!C17="M", INDEX('Table B-1'!$C$9:$AX$31, MATCH(Admin!E17, 'Table B-1'!$A$9:$A$31, 0), MATCH(MIN(40,Admin!D17), 'Table B-1'!$C$4:$Z$4, 1)), IF(Admin!C17="F", INDEX('Table B-1'!$AA$9:$AX$31, MATCH(Admin!E17, 'Table B-1'!$A$9:$A$31, 0), MATCH(MIN(40,Admin!D17), 'Table B-1'!$AA$4:$AX$4, 1)), "" ) ) ) | I17: =IF(F17="", "", IF(F17>H17, "Needs Tape", IF(F17<=H17, "Pass", ""))) | M17: =IF(OR(ABS(J17-K17)>1, ABS(K17-L17)>1, ABS(J17-L17)>1), "Measurements differ by more than 1 inch", IF(OR(J17="", K17="", L17=""), "", ROUND(AVERAGE(J17, K17, L17)*2, 0)/2) ) | N17: =IF(OR(Admin!F17="", Admin!M17=""), "", IF(Admin!C17="M", IFERROR(INDEX('Figure B-1 Male'!$C$4:$AJ$164, MATCH(Admin!F17, 'Figure B-1 Male'!$B$4:$B$164, 0), MATCH(Admin!M17, 'Figure B-1 Male'!$C$3:$AJ$3, 1)) / 100, ""), IF(Admin!C17="F", IFERROR(INDEX('Figure B-2 Female'!$C$4:$AJ$164, MATCH(Admin!F17, 'Figure B-2 Female'!$B$4:$B$164, 0), MATCH(Admin!M17, 'Figure B-2 Female'!$C$3:$AJ$3, 1)) / 100, ""), "" ) ) ) | O17: =IF(OR(F17="", M17=""), "", IF(Admin!C17="M", (-26.97 - (0.12 * F17) + (1.99 * M17)) / 100, IF(Admin!C17="F", (-9.15 - (0.015 * F17) + (1.27 * M17)) / 100, "" ) ) ) | P17: =IF(OR(Admin!I17="Pass", Admin!I17=""), "", IF(Admin!D17="", "", IF(Admin!C17="M", INDEX('Table B-2'!$D$7:$D$30, MATCH(MIN(40, Admin!D17), 'Table B-2'!$C$7:$C$30, 0)), IF(Admin!C17="F", INDEX('Table B-2'!$F$7:$F$30, MATCH(MIN(40, Admin!D17), 'Table B-2'!$E$7:$E$30, 0)), "" ) ) ) ) | Q17: =IF(OR(N17="", P17=""), "", IF(N17>P17, "Fail Tape", IF(N17<=P17, "Pass", "")) )
H18: =IF(OR(Admin!E18="", Admin!D18=""), "", IF(Admin!C18="M", INDEX('Table B-1'!$C$9:$AX$31, MATCH(Admin!E18, 'Table B-1'!$A$9:$A$31, 0), MATCH(MIN(40,Admin!D18), 'Table B-1'!$C$4:$Z$4, 1)), IF(Admin!C18="F", INDEX('Table B-1'!$AA$9:$AX$31, MATCH(Admin!E18, 'Table B-1'!$A$9:$A$31, 0), MATCH(MIN(40,Admin!D18), 'Table B-1'!$AA$4:$AX$4, 1)), "" ) ) ) | I18: =IF(F18="", "", IF(F18>H18, "Needs Tape", IF(F18<=H18, "Pass", ""))) | M18: =IF(OR(ABS(J18-K18)>1, ABS(K18-L18)>1, ABS(J18-L18)>1), "Measurements differ by more than 1 inch", IF(OR(J18="", K18="", L18=""), "", ROUND(AVERAGE(J18, K18, L18)*2, 0)/2) ) | N18: =IF(OR(Admin!F18="", Admin!M18=""), "", IF(Admin!C18="M", IFERROR(INDEX('Figure B-1 Male'!$C$4:$AJ$164, MATCH(Admin!F18, 'Figure B-1 Male'!$B$4:$B$164, 0), MATCH(Admin!M18, 'Figure B-1 Male'!$C$3:$AJ$3, 1)) / 100, ""), IF(Admin!C18="F", IFERROR(INDEX('Figure B-2 Female'!$C$4:$AJ$164, MATCH(Admin!F18, 'Figure B-2 Female'!$B$4:$B$164, 0), MATCH(Admin!M18, 'Figure B-2 Female'!$C$3:$AJ$3, 1)) / 100, ""), "" ) ) ) | O18: =IF(OR(F18="", M18=""), "", IF(Admin!C18="M", (-26.97 - (0.12 * F18) + (1.99 * M18)) / 100, IF(Admin!C18="F", (-9.15 - (0.015 * F18) + (1.27 * M18)) / 100, "" ) ) ) | P18: =IF(OR(Admin!I18="Pass", Admin!I18=""), "", IF(Admin!D18="", "", IF(Admin!C18="M", INDEX('Table B-2'!$D$7:$D$30, MATCH(MIN(40, Admin!D18), 'Table B-2'!$C$7:$C$30, 0)), IF(Admin!C18="F", INDEX('Table B-2'!$F$7:$F$30, MATCH(MIN(40, Admin!D18), 'Table B-2'!$E$7:$E$30, 0)), "" ) ) ) ) | Q18: =IF(OR(N18="", P18=""), "", IF(N18>P18, "Fail Tape", IF(N18<=P18, "Pass", "")) )
... H104: =IF(OR(Admin!E104="", Admin!D104=""), "", IF(Admin!C104="M", INDEX('Table B-1'!$C$9:$AX$31, MATCH(Admin!E104, 'Table B-1'!$A$9:$A$31, 0), MATCH(MIN(40,Admin!D104), 'Table B-1'!$C$4:$Z$4, 1)), IF(Admin!C104="F", INDEX('Table B-1'!$AA$9:$AX$31, MATCH(Admin!E104, 'Table B-1'!$A$9:$A$31, 0), MATCH(MIN(40,Admin!D104), 'Table B-1'!$AA$4:$AX$4, 1)), "" ) ) ) | I104: =IF(F104="", "", IF(F104>H104, "Needs Tape", IF(F104<=H104, "Pass", ""))) | M104: =IF(OR(ABS(J104-K104)>1, ABS(K104-L104)>1, ABS(J104-L104)>1), "Measurements differ by more than 1 inch", IF(OR(J104="", K104="", L104=""), "", ROUND(AVERAGE(J104, K104, L104)*2, 0)/2) ) | N104: =IF(OR(Admin!F104="", Admin!M104=""), "", IF(Admin!C104="M", IFERROR(INDEX('Figure B-1 Male'!$C$4:$AJ$164, MATCH(Admin!F104, 'Figure B-1 Male'!$B$4:$B$164, 0), MATCH(Admin!M104, 'Figure B-1 Male'!$C$3:$AJ$3, 1)) / 100, ""), IF(Admin!C104="F", IFERROR(INDEX('Figure B-2 Female'!$C$4:$AJ$164, MATCH(Admin!F104, 'Figure B-2 Female'!$B$4:$B$164, 0), MATCH(Admin!M104, 'Figure B-2 Female'!$C$3:$AJ$3, 1)) / 100, ""), "" ) ) ) | O104: =IF(OR(F104="", M104=""), "", IF(Admin!C104="M", (-26.97 - (0.12 * F104) + (1.99 * M104)) / 100, IF(Admin!C104="F", (-9.15 - (0.015 * F104) + (1.27 * M104)) / 100, "" ) ) ) | P104: =IF(OR(Admin!I104="Pass", Admin!I104=""), "", IF(Admin!D104="", "", IF(Admin!C104="M", INDEX('Table B-2'!$D$7:$D$30, MATCH(MIN(40, Admin!D104), 'Table B-2'!$C$7:$C$30, 0)), IF(Admin!C104="F", INDEX('Table B-2'!$F$7:$F$30, MATCH(MIN(40, Admin!D104), 'Table B-2'!$E$7:$E$30, 0)), "" ) ) ) ) | Q104: =IF(OR(N104="", P104=""), "", IF(N104>P104, "Fail Tape", IF(N104<=P104, "Pass", "")) )
I105: =IF(F105="", "", IF(F105>H105, "Needs Tape", IF(F105<=H105, "Pass", ""))) | O105: =IF(OR(F105="", M105=""), "", IF(Admin!C105="M", (-26.97 - (0.12 * F105) + (1.99 * M105)) / 100, IF(Admin!C105="F", (-9.15 - (0.015 * F105) + (1.27 * M105)) / 100, "" ) ) ) | Q105: =IF(OR(N105="", P105=""), "", IF(N105>P105, "Fail Tape", IF(N105<=P105, "Pass", "")) )

Sheet Table B-1 (2)
C4: 17 | D4: 18 | E4: 19 | F4: 20 | G4: 21 | H4: 22 | I4: 23 | J4: 24 | K4: 25 | L4: 26 | M4: 27 | N4: 28 | O4: 29 | P4: 30 | Q4: 31 | R4: 32 | S4: 33 | T4: 34 | U4: 35 | V4: 36 | W4: 37 | X4: 38 | Y4: 39 | Z4: 40 | AA4: 17 | AB4: 18 | AC4: 19 | AD4: 20 | AE4: 21 | AF4: 22 | AG4: 23 | AH4: 24 | AI4: 25 | AJ4: 26 | AK4: 27 | AL4: 28 | AM4: 29 | AN4: 30 | AO4: 31 | AP4: 32 | AQ4: 33 | AR4: 34 | AS4: 35 | AT4: 36 | AU4: 37 | AV4: 38 | AW4: 39 | AX4: 40
A5: Table B-1
A6: Weight for height table (screening table weight)
A8: Height (inches) | B8: Minimum weight (pounds) | C8: 17-20 | D8: 17-20 | E8: 17-20 | F8: 17-20 | G8: 21-27 | H8: 21-27 | I8: 21-27 | J8: 21-27 | K8: 21-27 | L8: 21-27 | M8: 21-27 | N8: 28-39 | O8: 28-39 | P8: 28-39 | Q8: 28-39 | R8: 28-39 | S8: 28-39 | T8: 28-39 | U8: 28-39 | V8: 28-39 | W8: 28-39 | X8: 28-39 | Y8: 28-39 | Z8: 40 | AA8: 17-20 | AE8: 21-27 | AL8: 28-39 | AX8: 40
A9: 58 | B9: 91 | C9: - | D9: - | E9: - | F9: - | G9: - | H9: - | I9: - | J9: - | K9: - | L9: - | M9: - | N9: - | O9: - | P9: - | Q9: - | R9: - | S9: - | T9: - | U9: - | V9: - | W9: - | X9: - | Y9: - | Z9: - | AA9: 119 | AB9: 119 | AC9: 119 | AD9: 119 | AE9: 121 | AF9: 121 | AG9: 121 | AH9: 121 | AI9: 121 | AJ9: 121 | AK9: 121 | AL9: 122 | AM9: 122 | AN9: 122 | AO9: 122 | AP9: 122 | AQ9: 122 | AR9: 122 | AS9: 122 | AT9: 122 | AU9: 122 | AV9: 122 | AW9: 122 | AX9: 124
A10: 59 | B10: 94 | C10: - | D10: - | E10: - | F10: - | G10: - | H10: - | I10: - | J10: - | K10: - | L10: - | M10: - | N10: - | O10: - | P10: - | Q10: - | R10: - | S10: - | T10: - | U10: - | V10: - | W10: - | X10: - | Y10: - | Z10: - | AA10: 124 | AB10: 124 | AC10: 124 | AD10: 124 | AE10: 125 | AF10: 125 | AG10: 125 | AH10: 125 | AI10: 125 | AJ10: 125 | AK10: 125 | AL10: 126 | AM10: 126 | AN10: 126 | AO10: 126 | AP10: 126 | AQ10: 126 | AR10: 126 | AS10: 126 | AT10: 126 | AU10: 126 | AV10: 126 | AW10: 126 | AX10: 128
A11: 60 | B11: 97 | C11: 132 | D11: 132 | E11: 132 | F11: 132 | G11: 136 | H11: 136 | I11: 136 | J11: 136 | K11: 136 | L11: 136 | M11: 136 | N11: 139 | O11: 139 | P11: 139 | Q11: 139 | R11: 139 | S11: 139 | T11: 139 | U11: 139 | V11: 139 | W11: 139 | X11: 139 | Y11: 139 | Z11: 141 | AA11: 128 | AB11: 128 | AC11: 128 | AD11: 128 | AE11: 129 | AF11: 129 | AG11: 129 | AH11: 129 | AI11: 129 | AJ11: 129 | AK11: 129 | AL11: 131 | AM11: 131 | AN11: 131 | AO11: 131 | AP11: 131 | AQ11: 131 | AR11: 131 | AS11: 131 | AT11: 131 | AU11: 131 | AV11: 131 | AW11: 131 | AX11: 133
A12: 61 | B12: 100 | C12: 136 | D12: 136 | E12: 136 | F12: 136 | G12: 140 | H12: 140 | I12: 140 | J12: 140 | K12: 140 | L12: 140 | M12: 140 | N12: 144 | O12: 144 | P12: 144 | Q12: 144 | R12: 144 | S12: 144 | T12: 144 | U12: 144 | V12: 144 | W12: 144 | X12: 144 | Y12: 144 | Z12: 146 | AA12: 132 | AB12: 132 | AC12: 132 | AD12: 132 | AE12: 134 | AF12: 134 | AG12: 134 | AH12: 134 | AI12: 134 | AJ12: 134 | AK12: 134 | AL12: 135 | AM12: 135 | AN12: 135 | AO12: 135 | AP12: 135 | AQ12: 135 | AR12: 135 | AS12: 135 | AT12: 135 | AU12: 135 | AV12: 135 | AW12: 135 | AX12: 137
A13: 62 | B13: 104 | C13: 141 | D13: 141 | E13: 141 | F13: 141 | G13: 144 | H13: 144 | I13: 144 | J13: 144 | K13: 144 | L13: 144 | M13: 144 | N13: 148 | O13: 148 | P13: 148 | Q13: 148 | R13: 148 | S13: 148 | T13: 148 | U13: 148 | V13: 148 | W13: 148 | X13: 148 | Y13: 148 | Z13: 150 | AA13: 136 | AB13: 136 | AC13: 136 | AD13: 136 | AE13: 138 | AF13: 138 | AG13: 138 | AH13: 138 | AI13: 138 | AJ13: 138 | AK13: 138 | AL13: 140 | AM13: 140 | AN13: 140 | AO13: 140 | AP13: 140 | AQ13: 140 | AR13: 140 | AS13: 140 | AT13: 140 | AU13: 140 | AV13: 140 | AW13: 140 | AX13: 142
A14: 63 | B14: 107 | C14: 145 | D14: 145 | E14: 145 | F14: 145 | G14: 149 | H14: 149 | I14: 149 | J14: 149 | K14: 149 | L14: 149 | M14: 149 | N14: 153 | O14: 153 | P14: 153 | Q14: 153 | R14: 153 | S14: 153 | T14: 153 | U14: 153 | V14: 153 | W14: 153 | X14: 153 | Y14: 153 | Z14: 155 | AA14: 141 | AB14: 141 | AC14: 141 | AD14: 141 | AE14: 143 | AF14: 143 | AG14: 143 | AH14: 143 | AI14: 143 | AJ14: 143 | AK14: 143 | AL14: 144 | AM14: 144 | AN14: 144 | AO14: 144 | AP14: 144 | AQ14: 144 | AR14: 144 | AS14: 144 | AT14: 144 | AU14: 144 | AV14: 144 | AW14: 144 | AX14: 146
A15: 64 | B15: 110 | C15: 150 | D15: 150 | E15: 150 | F15: 150 | G15: 154 | H15: 154 | I15: 154 | J15: 154 | K15: 154 | L15: 154 | M15: 154 | N15: 158 | O15: 158 | P15: 158 | Q15: 158 | R15: 158 | S15: 158 | T15: 158 | U15: 158 | V15: 158 | W15: 158 | X15: 158 | Y15: 158 | Z15: 160 | AA15: 145 | AB15: 145 | AC15: 145 | AD15: 145 | AE15: 147 | AF15: 147 | AG15: 147 | AH15: 147 | AI15: 147 | AJ15: 147 | AK15: 147 | AL15: 149 | AM15: 149 | AN15: 149 | AO15: 149 | AP15: 149 | AQ15: 149 | AR15: 149 | AS15: 149 | AT15: 149 | AU15: 149 | AV15: 149 | AW15: 149 | AX15: 151
A16: 65 | B16: 114 | C16: 155 | D16: 155 | E16: 155 | F16: 155 | G16: 159 | H16: 159 | I16: 159 | J16: 159 | K16: 159 | L16: 159 | M16: 159 | N16: 163 | O16: 163 | P16: 163 | Q16: 163 | R16: 163 | S16: 163 | T16: 163 | U16: 163 | V16: 163 | W16: 163 | X16: 163 | Y16: 163 | Z16: 165 | AA16: 150 | AB16: 150 | AC16: 150 | AD16: 150 | AE16: 152 | AF16: 152 | AG16: 152 | AH16: 152 | AI16: 152 | AJ16: 152 | AK16: 152 | AL16: 154 | AM16: 154 | AN16: 154 | AO16: 154 | AP16: 154 | AQ16: 154 | AR16: 154 | AS16: 154 | AT16: 154 | AU16: 154 | AV16: 154 | AW16: 154 | AX16: 156
A17: 66 | B17: 117 | C17: 160 | D17: 160 | E17: 160 | F17: 160 | G17: 163 | H17: 163 | I17: 163 | J17: 163 | K17: 163 | L17: 163 | M17: 163 | N17: 168 | O17: 168 | P17: 168 | Q17: 168 | R17: 168 | S17: 168 | T17: 168 | U17: 168 | V17: 168 | W17: 168 | X17: 168 | Y17: 168 | Z17: 170 | AA17: 155 | AB17: 155 | AC17: 155 | AD17: 155 | AE17: 156 | AF17: 156 | AG17: 156 | AH17: 156 | AI17: 156 | AJ17: 156 | AK17: 156 | AL17: 158 | AM17: 158 | AN17: 158 | AO17: 158 | AP17: 158 | AQ17: 158 | AR17: 158 | AS17: 158 | AT17: 158 | AU17: 158 | AV17: 158 | AW17: 158 | AX17: 161
A18: 67 | B18: 121 | C18: 165 | D18: 165 | E18: 165 | F18: 165 | G18: 169 | H18: 169 | I18: 169 | J18: 169 | K18: 169 | L18: 169 | M18: 169 | N18: 174 | O18: 174 | P18: 174 | Q18: 174 | R18: 174 | S18: 174 | T18: 174 | U18: 174 | V18: 174 | W18: 174 | X18: 174 | Y18: 174 | Z18: 176 | AA18: 159 | AB18: 159 | AC18: 159 | AD18: 159 | AE18: 161 | AF18: 161 | AG18: 161 | AH18: 161 | AI18: 161 | AJ18: 161 | AK18: 161 | AL18: 163 | AM18: 163 | AN18: 163 | AO18: 163 | AP18: 163 | AQ18: 163 | AR18: 163 | AS18: 163 | AT18: 163 | AU18: 163 | AV18: 163 | AW18: 163 | AX18: 166
A19: 68 | B19: 125 | C19: 170 | D19: 170 | E19: 170 | F19: 170 | G19: 174 | H19: 174 | I19: 174 | J19: 174 | K19: 174 | L19: 174 | M19: 174 | N19: 179 | O19: 179 | P19: 179 | Q19: 179 | R19: 179 | S19: 179 | T19: 179 | U19: 179 | V19: 179 | W19: 179 | X19: 179 | Y19: 179 | Z19: 181 | AA19: 164 | AB19: 164 | AC19: 164 | AD19: 164 | AE19: 166 | AF19: 166 | AG19: 166 | AH19: 166 | AI19: 166 | AJ19: 166 | AK19: 166 | AL19: 168 | AM19: 168 | AN19: 168 | AO19: 168 | AP19: 168 | AQ19: 168 | AR19: 168 | AS19: 168 | AT19: 168 | AU19: 168 | AV19: 168 | AW19: 168 | AX19: 171
A20: 69 | B20: 128 | C20: 175 | D20: 175 | E20: 175 | F20: 175 | G20: 179 | H20: 179 | I20: 179 | J20: 179 | K20: 179 | L20: 179 | M20: 179 | N20: 184 | O20: 184 | P20: 184 | Q20: 184 | R20: 184 | S20: 184 | T20: 184 | U20: 184 | V20: 184 | W20: 184 | X20: 184 | Y20: 184 | Z20: 186 | AA20: 169 | AB20: 169 | AC20: 169 | AD20: 169 | AE20: 171 | AF20: 171 | AG20: 171 | AH20: 171 | AI20: 171 | AJ20: 171 | AK20: 171 | AL20: 173 | AM20: 173 | AN20: 173 | AO20: 173 | AP20: 173 | AQ20: 173 | AR20: 173 | AS20: 173 | AT20: 173 | AU20: 173 | AV20: 173 | AW20: 173 | AX20: 176
A21: 70 | B21: 132 | C21: 180 | D21: 180 | E21: 180 | F21: 180 | G21: 185 | H21: 185 | I21: 185 | J21: 185 | K21: 185 | L21: 185 | M21: 185 | N21: 189 | O21: 189 | P21: 189 | Q21: 189 | R21: 189 | S21: 189 | T21: 189 | U21: 189 | V21: 189 | W21: 189 | X21: 189 | Y21: 189 | Z21: 192 | AA21: 174 | AB21: 174 | AC21: 174 | AD21: 174 | AE21: 176 | AF21: 176 | AG21: 176 | AH21: 176 | AI21: 176 | AJ21: 176 | AK21: 176 | AL21: 178 | AM21: 178 | AN21: 178 | AO21: 178 | AP21: 178 | AQ21: 178 | AR21: 178 | AS21: 178 | AT21: 178 | AU21: 178 | AV21: 178 | AW21: 178 | AX21: 181
A22: 71 | B22: 136 | C22: 185 | D22: 185 | E22: 185 | F22: 185 | G22: 189 | H22: 189 | I22: 189 | J22: 189 | K22: 189 | L22: 189 | M22: 189 | N22: 194 | O22: 194 | P22: 194 | Q22: 194 | R22: 194 | S22: 194 | T22: 194 | U22: 194 | V22: 194 | W22: 194 | X22: 194 | Y22: 194 | Z22: 197 | AA22: 179 | AB22: 179 | AC22: 179 | AD22: 179 | AE22: 181 | AF22: 181 | AG22: 181 | AH22: 181 | AI22: 181 | AJ22: 181 | AK22: 181 | AL22: 183 | AM22: 183 | AN22: 183 | AO22: 183 | AP22: 183 | AQ22: 183 | AR22: 183 | AS22: 183 | AT22: 183 | AU22: 183 | AV22: 183 | AW22: 183 | AX22: 186
... A31: 80 | B31: 173 | C31: 234 | D31: 234 | E31: 234 | F31: 234 | G31: 240 | H31: 240 | I31: 240 | J31: 240 | K31: 240 | L31: 240 | M31: 240 | N31: 247 | O31: 247 | P31: 247 | Q31: 247 | R31: 247 | S31: 247 | T31: 247 | U31: 247 | V31: 247 | W31: 247 | X31: 247 | Y31: 247 | Z31: 250 | AA31: 227 | AB31: 227 | AC31: 227 | AD31: 227 | AE31: 230 | AF31: 230 | AG31: 230 | AH31: 230 | AI31: 230 | AJ31: 230 | AK31: 230 | AL31: 233 | AM31: 233 | AN31: 233 | AO31: 233 | AP31: 233 | AQ31: 233 | AR31: 233 | AS31: 233 | AT31: 233 | AU31: 233 | AV31: 233 | AW31: 233 | AX31: 236

Sheet Table B-1
C4: 17 | D4: 18 | E4: 19 | F4: 20 | G4: 21 | H4: 22 | I4: 23 | J4: 24 | K4: 25 | L4: 26 | M4: 27 | N4: 28 | O4: 29 | P4: 30 | Q4: 31 | R4: 32 | S4: 33 | T4: 34 | U4: 35 | V4: 36 | W4: 37 | X4: 38 | Y4: 39 | Z4: 40 | AA4: 17 | AB4: 18 | AC4: 19 | AD4: 20 | AE4: 21 | AF4: 22 | AG4: 23 | AH4: 24 | AI4: 25 | AJ4: 26 | AK4: 27 | AL4: 28 | AM4: 29 | AN4: 30 | AO4: 31 | AP4: 32 | AQ4: 33 | AR4: 34 | AS4: 35 | AT4: 36 | AU4: 37 | AV4: 38 | AW4: 39 | AX4: 40
A5: Table B-1
A6: Weight for height table (screening table weight)
A8: Height (inches) | B8: Minimum weight (pounds) | C8: 17-20 | D8: 17-20 | E8: 17-20 | F8: 17-20 | G8: 21-27 | H8: 21-27 | I8: 21-27 | J8: 21-27 | K8: 21-27 | L8: 21-27 | M8: 21-27 | N8: 28-39 | O8: 28-39 | P8: 28-39 | Q8: 28-39 | R8: 28-39 | S8: 28-39 | T8: 28-39 | U8: 28-39 | V8: 28-39 | W8: 28-39 | X8: 28-39 | Y8: 28-39 | Z8: 40 | AA8: 17-20 | AE8: 21-27 | AL8: 28-39 | AX8: 40
A9: 58 | B9: 91 | C9: - | D9: - | E9: - | F9: - | G9: - | H9: - | I9: - | J9: - | K9: - | L9: - | M9: - | N9: - | O9: - | P9: - | Q9: - | R9: - | S9: - | T9: - | U9: - | V9: - | W9: - | X9: - | Y9: - | Z9: - | AA9: 119 | AB9: 119 | AC9: 119 | AD9: 119 | AE9: 121 | AF9: 121 | AG9: 121 | AH9: 121 | AI9: 121 | AJ9: 121 | AK9: 121 | AL9: 122 | AM9: 122 | AN9: 122 | AO9: 122 | AP9: 122 | AQ9: 122 | AR9: 122 | AS9: 122 | AT9: 122 | AU9: 122 | AV9: 122 | AW9: 122 | AX9: 124
A10: 59 | B10: 94 | C10: - | D10: - | E10: - | F10: - | G10: - | H10: - | I10: - | J10: - | K10: - | L10: - | M10: - | N10: - | O10: - | P10: - | Q10: - | R10: - | S10: - | T10: - | U10: - | V10: - | W10: - | X10: - | Y10: - | Z10: - | AA10: 124 | AB10: 124 | AC10: 124 | AD10: 124 | AE10: 125 | AF10: 125 | AG10: 125 | AH10: 125 | AI10: 125 | AJ10: 125 | AK10: 125 | AL10: 126 | AM10: 126 | AN10: 126 | AO10: 126 | AP10: 126 | AQ10: 126 | AR10: 126 | AS10: 126 | AT10: 126 | AU10: 126 | AV10: 126 | AW10: 126 | AX10: 128
A11: 60 | B11: 97 | C11: 132 | D11: 132 | E11: 132 | F11: 132 | G11: 136 | H11: 136 | I11: 136 | J11: 136 | K11: 136 | L11: 136 | M11: 136 | N11: 139 | O11: 139 | P11: 139 | Q11: 139 | R11: 139 | S11: 139 | T11: 139 | U11: 139 | V11: 139 | W11: 139 | X11: 139 | Y11: 139 | Z11: 141 | AA11: 128 | AB11: 128 | AC11: 128 | AD11: 128 | AE11: 129 | AF11: 129 | AG11: 129 | AH11: 129 | AI11: 129 | AJ11: 129 | AK11: 129 | AL11: 131 | AM11: 131 | AN11: 131 | AO11: 131 | AP11: 131 | AQ11: 131 | AR11: 131 | AS11: 131 | AT11: 131 | AU11: 131 | AV11: 131 | AW11: 131 | AX11: 133
A12: 61 | B12: 100 | C12: 136 | D12: 136 | E12: 136 | F12: 136 | G12: 140 | H12: 140 | I12: 140 | J12: 140 | K12: 140 | L12: 140 | M12: 140 | N12: 144 | O12: 144 | P12: 144 | Q12: 144 | R12: 144 | S12: 144 | T12: 144 | U12: 144 | V12: 144 | W12: 144 | X12: 144 | Y12: 144 | Z12: 146 | AA12: 132 | AB12: 132 | AC12: 132 | AD12: 132 | AE12: 134 | AF12: 134 | AG12: 134 | AH12: 134 | AI12: 134 | AJ12: 134 | AK12: 134 | AL12: 135 | AM12: 135 | AN12: 135 | AO12: 135 | AP12: 135 | AQ12: 135 | AR12: 135 | AS12: 135 | AT12: 135 | AU12: 135 | AV12: 135 | AW12: 135 | AX12: 137
A13: 62 | B13: 104 | C13: 141 | D13: 141 | E13: 141 | F13: 141 | G13: 144 | H13: 144 | I13: 144 | J13: 144 | K13: 144 | L13: 144 | M13: 144 | N13: 148 | O13: 148 | P13: 148 | Q13: 148 | R13: 148 | S13: 148 | T13: 148 | U13: 148 | V13: 148 | W13: 148 | X13: 148 | Y13: 148 | Z13: 150 | AA13: 136 | AB13: 136 | AC13: 136 | AD13: 136 | AE13: 138 | AF13: 138 | AG13: 138 | AH13: 138 | AI13: 138 | AJ13: 138 | AK13: 138 | AL13: 140 | AM13: 140 | AN13: 140 | AO13: 140 | AP13: 140 | AQ13: 140 | AR13: 140 | AS13: 140 | AT13: 140 | AU13: 140 | AV13: 140 | AW13: 140 | AX13: 142
A14: 63 | B14: 107 | C14: 145 | D14: 145 | E14: 145 | F14: 145 | G14: 149 | H14: 149 | I14: 149 | J14: 149 | K14: 149 | L14: 149 | M14: 149 | N14: 153 | O14: 153 | P14: 153 | Q14: 153 | R14: 153 | S14: 153 | T14: 153 | U14: 153 | V14: 153 | W14: 153 | X14: 153 | Y14: 153 | Z14: 155 | AA14: 141 | AB14: 141 | AC14: 141 | AD14: 141 | AE14: 143 | AF14: 143 | AG14: 143 | AH14: 143 | AI14: 143 | AJ14: 143 | AK14: 143 | AL14: 144 | AM14: 144 | AN14: 144 | AO14: 144 | AP14: 144 | AQ14: 144 | AR14: 144 | AS14: 144 | AT14: 144 | AU14: 144 | AV14: 144 | AW14: 144 | AX14: 146
A15: 64 | B15: 110 | C15: 150 | D15: 150 | E15: 150 | F15: 150 | G15: 154 | H15: 154 | I15: 154 | J15: 154 | K15: 154 | L15: 154 | M15: 154 | N15: 158 | O15: 158 | P15: 158 | Q15: 158 | R15: 158 | S15: 158 | T15: 158 | U15: 158 | V15: 158 | W15: 158 | X15: 158 | Y15: 158 | Z15: 160 | AA15: 145 | AB15: 145 | AC15: 145 | AD15: 145 | AE15: 147 | AF15: 147 | AG15: 147 | AH15: 147 | AI15: 147 | AJ15: 147 | AK15: 147 | AL15: 149 | AM15: 149 | AN15: 149 | AO15: 149 | AP15: 149 | AQ15: 149 | AR15: 149 | AS15: 149 | AT15: 149 | AU15: 149 | AV15: 149 | AW15: 149 | AX15: 151
A16: 65 | B16: 114 | C16: 155 | D16: 155 | E16: 155 | F16: 155 | G16: 159 | H16: 159 | I16: 159 | J16: 159 | K16: 159 | L16: 159 | M16: 159 | N16: 163 | O16: 163 | P16: 163 | Q16: 163 | R16: 163 | S16: 163 | T16: 163 | U16: 163 | V16: 163 | W16: 163 | X16: 163 | Y16: 163 | Z16: 165 | AA16: 150 | AB16: 150 | AC16: 150 | AD16: 150 | AE16: 152 | AF16: 152 | AG16: 152 | AH16: 152 | AI16: 152 | AJ16: 152 | AK16: 152 | AL16: 154 | AM16: 154 | AN16: 154 | AO16: 154 | AP16: 154 | AQ16: 154 | AR16: 154 | AS16: 154 | AT16: 154 | AU16: 154 | AV16: 154 | AW16: 154 | AX16: 156
A17: 66 | B17: 117 | C17: 160 | D17: 160 | E17: 160 | F17: 160 | G17: 163 | H17: 163 | I17: 163 | J17: 163 | K17: 163 | L17: 163 | M17: 163 | N17: 168 | O17: 168 | P17: 168 | Q17: 168 | R17: 168 | S17: 168 | T17: 168 | U17: 168 | V17: 168 | W17: 168 | X17: 168 | Y17: 168 | Z17: 170 | AA17: 155 | AB17: 155 | AC17: 155 | AD17: 155 | AE17: 156 | AF17: 156 | AG17: 156 | AH17: 156 | AI17: 156 | AJ17: 156 | AK17: 156 | AL17: 158 | AM17: 158 | AN17: 158 | AO17: 158 | AP17: 158 | AQ17: 158 | AR17: 158 | AS17: 158 | AT17: 158 | AU17: 158 | AV17: 158 | AW17: 158 | AX17: 161
A18: 67 | B18: 121 | C18: 165 | D18: 165 | E18: 165 | F18: 165 | G18: 169 | H18: 169 | I18: 169 | J18: 169 | K18: 169 | L18: 169 | M18: 169 | N18: 174 | O18: 174 | P18: 174 | Q18: 174 | R18: 174 | S18: 174 | T18: 174 | U18: 174 | V18: 174 | W18: 174 | X18: 174 | Y18: 174 | Z18: 176 | AA18: 159 | AB18: 159 | AC18: 159 | AD18: 159 | AE18: 161 | AF18: 161 | AG18: 161 | AH18: 161 | AI18: 161 | AJ18: 161 | AK18: 161 | AL18: 163 | AM18: 163 | AN18: 163 | AO18: 163 | AP18: 163 | AQ18: 163 | AR18: 163 | AS18: 163 | AT18: 163 | AU18: 163 | AV18: 163 | AW18: 163 | AX18: 166
A19: 68 | B19: 125 | C19: 170 | D19: 170 | E19: 170 | F19: 170 | G19: 174 | H19: 174 | I19: 174 | J19: 174 | K19: 174 | L19: 174 | M19: 174 | N19: 179 | O19: 179 | P19: 179 | Q19: 179 | R19: 179 | S19: 179 | T19: 179 | U19: 179 | V19: 179 | W19: 179 | X19: 179 | Y19: 179 | Z19: 181 | AA19: 164 | AB19: 164 | AC19: 164 | AD19: 164 | AE19: 166 | AF19: 166 | AG19: 166 | AH19: 166 | AI19: 166 | AJ19: 166 | AK19: 166 | AL19: 168 | AM19: 168 | AN19: 168 | AO19: 168 | AP19: 168 | AQ19: 168 | AR19: 168 | AS19: 168 | AT19: 168 | AU19: 168 | AV19: 168 | AW19: 168 | AX19: 171
A20: 69 | B20: 128 | C20: 175 | D20: 175 | E20: 175 | F20: 175 | G20: 179 | H20: 179 | I20: 179 | J20: 179 | K20: 179 | L20: 179 | M20: 179 | N20: 184 | O20: 184 | P20: 184 | Q20: 184 | R20: 184 | S20: 184 | T20: 184 | U20: 184 | V20: 184 | W20: 184 | X20: 184 | Y20: 184 | Z20: 186 | AA20: 169 | AB20: 169 | AC20: 169 | AD20: 169 | AE20: 171 | AF20: 171 | AG20: 171 | AH20: 171 | AI20: 171 | AJ20: 171 | AK20: 171 | AL20: 173 | AM20: 173 | AN20: 173 | AO20: 173 | AP20: 173 | AQ20: 173 | AR20: 173 | AS20: 173 | AT20: 173 | AU20: 173 | AV20: 173 | AW20: 173 | AX20: 176
A21: 70 | B21: 132 | C21: 180 | D21: 180 | E21: 180 | F21: 180 | G21: 185 | H21: 185 | I21: 185 | J21: 185 | K21: 185 | L21: 185 | M21: 185 | N21: 189 | O21: 189 | P21: 189 | Q21: 189 | R21: 189 | S21: 189 | T21: 189 | U21: 189 | V21: 189 | W21: 189 | X21: 189 | Y21: 189 | Z21: 192 | AA21: 174 | AB21: 174 | AC21: 174 | AD21: 174 | AE21: 176 | AF21: 176 | AG21: 176 | AH21: 176 | AI21: 176 | AJ21: 176 | AK21: 176 | AL21: 178 | AM21: 178 | AN21: 178 | AO21: 178 | AP21: 178 | AQ21: 178 | AR21: 178 | AS21: 178 | AT21: 178 | AU21: 178 | AV21: 178 | AW21: 178 | AX21: 181
A22: 71 | B22: 136 | C22: 185 | D22: 185 | E22: 185 | F22: 185 | G22: 189 | H22: 189 | I22: 189 | J22: 189 | K22: 189 | L22: 189 | M22: 189 | N22: 194 | O22: 194 | P22: 194 | Q22: 194 | R22: 194 | S22: 194 | T22: 194 | U22: 194 | V22: 194 | W22: 194 | X22: 194 | Y22: 194 | Z22: 197 | AA22: 179 | AB22: 179 | AC22: 179 | AD22: 179 | AE22: 181 | AF22: 181 | AG22: 181 | AH22: 181 | AI22: 181 | AJ22: 181 | AK22: 181 | AL22: 183 | AM22: 183 | AN22: 183 | AO22: 183 | AP22: 183 | AQ22: 183 | AR22: 183 | AS22: 183 | AT22: 183 | AU22: 183 | AV22: 183 | AW22: 183 | AX22: 186
... A31: 80 | B31: 173 | C31: 234 | D31: 234 | E31: 234 | F31: 234 | G31: 240 | H31: 240 | I31: 240 | J31: 240 | K31: 240 | L31: 240 | M31: 240 | N31: 247 | O31: 247 | P31: 247 | Q31: 247 | R31: 247 | S31: 247 | T31: 247 | U31: 247 | V31: 247 | W31: 247 | X31: 247 | Y31: 247 | Z31: 250 | AA31: 227 | AB31: 227 | AC31: 227 | AD31: 227 | AE31: 230 | AF31: 230 | AG31: 230 | AH31: 230 | AI31: 230 | AJ31: 230 | AK31: 230 | AL31: 233 | AM31: 233 | AN31: 233 | AO31: 233 | AP31: 233 | AQ31: 233 | AR31: 233 | AS31: 233 | AT31: 233 | AU31: 233 | AV31: 233 | AW31: 233 | AX31: 236

Sheet Table B-2
A1: Table B – 2
A2: Maximum allowable percent body fat standards
A3: Age Group | B3: 17 - 20 | C3: Male (% Body Fat) | D3: 0.2 | E3: Female (% Body Fat) | F3: 0.3
A4: Age Group | B4: 21 - 27 | C4: Male (% Body Fat) | D4: 0.22 | E4: Female (% Body Fat) | F4: 0.32
A5: Age Group | B5: 28 - 39 | C5: Male (% Body Fat) | D5: 0.24 | E5: Female (% Body Fat) | F5: 0.34
A6: Age Group | B6: 40 and older | C6: Male (% Body Fat) | D6: 0.26 | E6: Female (% Body Fat) | F6: 0.36
C7: 17 | D7: 0.2 | E7: 17 | F7: 0.3
C8: 18 | D8: 0.2 | E8: 18 | F8: 0.3
C9: 19 | D9: 0.2 | E9: 19 | F9: 0.3
C10: 20 | D10: 0.2 | E10: 20 | F10: 0.3
C11: 21 | D11: 0.22 | E11: 21 | F11: 0.32
C12: 22 | D12: 0.22 | E12: 22 | F12: 0.32
C13: 23 | D13: 0.22 | E13: 23 | F13: 0.32
C14: 24 | D14: 0.22 | E14: 24 | F14: 0.32
C15: 25 | D15: 0.22 | E15: 25 | F15: 0.32
C16: 26 | D16: 0.22 | E16: 26 | F16: 0.32
C17: 27 | D17: 0.22 | E17: 27 | F17: 0.32
C18: 28 | D18: 0.24 | E18: 28 | F18: 0.34
... C30: 40 | D30: 0.26 | E30: 40 | F30: 0.36

Sheet Figure B-1 Male
C1: 2023 ARMY CALCULATED PERCENT (%) BODY FAT - MALE
C2: WAIST CIRCUMFERENCE (inches)
C3: 27 | D3: 27.5 | E3: 28 | F3: 28.5 | G3: 29 | H3: 29.5 | I3: 30 | J3: 30.5 | K3: 31 | L3: 31.5 | M3: 32 | N3: 32.5 | O3: 33 | P3: 33.5 | Q3: 34 | R3: 34.5 | S3: 35 | T3: 35.5 | U3: 36 | V3: 36.5 | W3: 37 | X3: 37.5 | Y3: 38 | Z3: 38.5 | AA3: 39 | AB3: 39.5 | AC3: 40 | AD3: 40.5 | AE3: 41 | AF3: 41.5 | AG3: 42 | AH3: 42.5 | AI3: 43 | AJ3: 43.5
A4: BODY WEIGHT (pounds) BODY WEIGHT (pounds) BODY WEIGHT (pounds) BODY WEIGHT (pounds) BODY WEIGHT (pounds) BODY WEIGHT (pounds) | B4: 90 | C4: 16 | D4: 17 | E4: 18 | F4: 19 | G4: 20 | H4: 21 | I4: 22 | J4: 23 | K4: 24 | L4: 25 | M4: 26 | N4: 27 | O4: 28 | P4: 29 | Q4: 30 | R4: 31 | S4: 32 | T4: 33 | U4: 34 | V4: 35 | W4: 36 | X4: 37 | Y4: 38 | Z4: 39 | AA4: 40 | AB4: 41 | AC4: 42 | AD4: 43 | AE4: 44 | AF4: 45 | AG4: 46 | AH4: 47 | AI4: 48 | AJ4: 49
B5: 91 | C5: 16 | D5: 17 | E5: 18 | F5: 19 | G5: 20 | H5: 21 | I5: 22 | J5: 23 | K5: 24 | L5: 25 | M5: 26 | N5: 27 | O5: 28 | P5: 29 | Q5: 30 | R5: 31 | S5: 32 | T5: 33 | U5: 34 | V5: 35 | W5: 36 | X5: 37 | Y5: 38 | Z5: 39 | AA5: 40 | AB5: 41 | AC5: 42 | AD5: 43 | AE5: 44 | AF5: 45 | AG5: 46 | AH5: 47 | AI5: 48 | AJ5: 49
B6: 92 | C6: 16 | D6: 17 | E6: 18 | F6: 19 | G6: 20 | H6: 21 | I6: 22 | J6: 23 | K6: 24 | L6: 25 | M6: 26 | N6: 27 | O6: 28 | P6: 29 | Q6: 30 | R6: 31 | S6: 32 | T6: 33 | U6: 34 | V6: 35 | W6: 36 | X6: 37 | Y6: 38 | Z6: 39 | AA6: 40 | AB6: 41 | AC6: 42 | AD6: 43 | AE6: 44 | AF6: 45 | AG6: 46 | AH6: 47 | AI6: 48 | AJ6: 49
B7: 93 | C7: 16 | D7: 17 | E7: 18 | F7: 19 | G7: 20 | H7: 21 | I7: 22 | J7: 23 | K7: 24 | L7: 25 | M7: 26 | N7: 27 | O7: 28 | P7: 29 | Q7: 30 | R7: 31 | S7: 32 | T7: 33 | U7: 34 | V7: 35 | W7: 36 | X7: 36 | Y7: 37 | Z7: 38 | AA7: 39 | AB7: 40 | AC7: 41 | AD7: 42 | AE7: 43 | AF7: 44 | AG7: 45 | AH7: 46 | AI7: 47 | AJ7: 48
B8: 94 | C8: 15 | D8: 16 | E8: 17 | F8: 18 | G8: 19 | H8: 20 | I8: 21 | J8: 22 | K8: 23 | L8: 24 | M8: 25 | N8: 26 | O8: 27 | P8: 28 | Q8: 29 | R8: 30 | S8: 31 | T8: 32 | U8: 33 | V8: 34 | W8: 35 | X8: 36 | Y8: 37 | Z8: 38 | AA8: 39 | AB8: 40 | AC8: 41 | AD8: 42 | AE8: 43 | AF8: 44 | AG8: 45 | AH8: 46 | AI8: 47 | AJ8: 48
B9: 95 | C9: 15 | D9: 16 | E9: 17 | F9: 18 | G9: 19 | H9: 20 | I9: 21 | J9: 22 | K9: 23 | L9: 24 | M9: 25 | N9: 26 | O9: 27 | P9: 28 | Q9: 29 | R9: 30 | S9: 31 | T9: 32 | U9: 33 | V9: 34 | W9: 35 | X9: 36 | Y9: 37 | Z9: 38 | AA9: 39 | AB9: 40 | AC9: 41 | AD9: 42 | AE9: 43 | AF9: 44 | AG9: 45 | AH9: 46 | AI9: 47 | AJ9: 48
B10: 96 | C10: 15 | D10: 16 | E10: 17 | F10: 18 | G10: 19 | H10: 20 | I10: 21 | J10: 22 | K10: 23 | L10: 24 | M10: 25 | N10: 26 | O10: 27 | P10: 28 | Q10: 29 | R10: 30 | S10: 31 | T10: 32 | U10: 33 | V10: 34 | W10: 35 | X10: 36 | Y10: 37 | Z10: 38 | AA10: 39 | AB10: 40 | AC10: 41 | AD10: 42 | AE10: 43 | AF10: 44 | AG10: 45 | AH10: 46 | AI10: 47 | AJ10: 48
B11: 97 | C11: 15 | D11: 16 | E11: 17 | F11: 18 | G11: 19 | H11: 20 | I11: 21 | J11: 22 | K11: 23 | L11: 24 | M11: 25 | N11: 26 | O11: 27 | P11: 28 | Q11: 29 | R11: 30 | S11: 31 | T11: 32 | U11: 33 | V11: 34 | W11: 35 | X11: 36 | Y11: 37 | Z11: 38 | AA11: 39 | AB11: 40 | AC11: 41 | AD11: 42 | AE11: 43 | AF11: 44 | AG11: 45 | AH11: 46 | AI11: 47 | AJ11: 48
B12: 98 | C12: 15 | D12: 16 | E12: 17 | F12: 18 | G12: 19 | H12: 20 | I12: 21 | J12: 22 | K12: 23 | L12: 24 | M12: 25 | N12: 26 | O12: 27 | P12: 28 | Q12: 29 | R12: 30 | S12: 31 | T12: 32 | U12: 33 | V12: 34 | W12: 35 | X12: 36 | Y12: 37 | Z12: 38 | AA12: 39 | AB12: 40 | AC12: 41 | AD12: 42 | AE12: 43 | AF12: 44 | AG12: 45 | AH12: 46 | AI12: 47 | AJ12: 48
B13: 99 | C13: 15 | D13: 16 | E13: 17 | F13: 18 | G13: 19 | H13: 20 | I13: 21 | J13: 22 | K13: 23 | L13: 24 | M13: 25 | N13: 26 | O13: 27 | P13: 28 | Q13: 29 | R13: 30 | S13: 31 | T13: 32 | U13: 33 | V13: 34 | W13: 35 | X13: 36 | Y13: 37 | Z13: 38 | AA13: 39 | AB13: 40 | AC13: 41 | AD13: 42 | AE13: 43 | AF13: 44 | AG13: 45 | AH13: 46 | AI13: 47 | AJ13: 48
B14: 100 | C14: 15 | D14: 16 | E14: 17 | F14: 18 | G14: 19 | H14: 20 | I14: 21 | J14: 22 | K14: 23 | L14: 24 | M14: 25 | N14: 26 | O14: 27 | P14: 28 | Q14: 29 | R14: 30 | S14: 31 | T14: 32 | U14: 33 | V14: 34 | W14: 35 | X14: 36 | Y14: 37 | Z14: 38 | AA14: 39 | AB14: 40 | AC14: 41 | AD14: 42 | AE14: 43 | AF14: 44 | AG14: 45 | AH14: 46 | AI14: 47 | AJ14: 48
B15: 101 | C15: 15 | D15: 16 | E15: 17 | F15: 18 | G15: 19 | H15: 20 | I15: 21 | J15: 22 | K15: 23 | L15: 24 | M15: 25 | N15: 26 | O15: 27 | P15: 28 | Q15: 29 | R15: 30 | S15: 31 | T15: 32 | U15: 33 | V15: 34 | W15: 35 | X15: 36 | Y15: 37 | Z15: 38 | AA15: 39 | AB15: 40 | AC15: 41 | AD15: 42 | AE15: 43 | AF15: 43 | AG15: 44 | AH15: 45 | AI15: 46 | AJ15: 47
B16: 102 | C16: 15 | D16: 16 | E16: 17 | F16: 18 | G16: 18 | H16: 19 | I16: 20 | J16: 21 | K16: 22 | L16: 23 | M16: 24 | N16: 25 | O16: 26 | P16: 27 | Q16: 28 | R16: 29 | S16: 30 | T16: 31 | U16: 32 | V16: 33 | W16: 34 | X16: 35 | Y16: 36 | Z16: 37 | AA16: 38 | AB16: 39 | AC16: 40 | AD16: 41 | AE16: 42 | AF16: 43 | AG16: 44 | AH16: 45 | AI16: 46 | AJ16: 47
... B57: 143 | C57: 10 | D57: 11 | E57: 12 | F57: 13 | G57: 14 | H57: 15 | I57: 16 | J57: 17 | K57: 18 | L57: 19 | M57: 20 | N57: 21 | O57: 22 | P57: 23 | Q57: 24 | R57: 25 | S57: 26 | T57: 27 | U57: 28 | V57: 29 | W57: 30 | X57: 30 | Y57: 31 | Z57: 32 | AA57: 33 | AB57: 34 | AC57: 35 | AD57: 36 | AE57: 37 | AF57: 38 | AG57: 39 | AH57: 40 | AI57: 41 | AJ57: 42
B58: 144 | C58: <10 | D58: 10 | E58: 11 | F58: 12 | G58: 13 | H58: 14 | I58: 15 | J58: 16 | K58: 17 | L58: 18 | M58: 19 | N58: 20 | O58: 21 | P58: 22 | Q58: 23 | R58: 24 | S58: 25 | T58: 26 | U58: 27 | V58: 28 | W58: 29 | X58: 30 | Y58: 31 | Z58: 32 | AA58: 33 | AB58: 34 | AC58: 35 | AD58: 36 | AE58: 37 | AF58: 38 | AG58: 39 | AH58: 40 | AI58: 41 | AJ58: 42
B59: 145 | C59: <10 | D59: 10 | E59: 11 | F59: 12 | G59: 13 | H59: 14 | I59: 15 | J59: 16 | K59: 17 | L59: 18 | M59: 19 | N59: 20 | O59: 21 | P59: 22 | Q59: 23 | R59: 24 | S59: 25 | T59: 26 | U59: 27 | V59: 28 | W59: 29 | X59: 30 | Y59: 31 | Z59: 32 | AA59: 33 | AB59: 34 | AC59: 35 | AD59: 36 | AE59: 37 | AF59: 38 | AG59: 39 | AH59: 40 | AI59: 41 | AJ59: 42
B60: 146 | C60: <10 | D60: 10 | E60: 11 | F60: 12 | G60: 13 | H60: 14 | I60: 15 | J60: 16 | K60: 17 | L60: 18 | M60: 19 | N60: 20 | O60: 21 | P60: 22 | Q60: 23 | R60: 24 | S60: 25 | T60: 26 | U60: 27 | V60: 28 | W60: 29 | X60: 30 | Y60: 31 | Z60: 32 | AA60: 33 | AB60: 34 | AC60: 35 | AD60: 36 | AE60: 37 | AF60: 38 | AG60: 39 | AH60: 40 | AI60: 41 | AJ60: 42
B61: 147 | C61: <10 | D61: 10 | E61: 11 | F61: 12 | G61: 13 | H61: 14 | I61: 15 | J61: 16 | K61: 17 | L61: 18 | M61: 19 | N61: 20 | O61: 21 | P61: 22 | Q61: 23 | R61: 24 | S61: 25 | T61: 26 | U61: 27 | V61: 28 | W61: 29 | X61: 30 | Y61: 31 | Z61: 32 | AA61: 33 | AB61: 34 | AC61: 35 | AD61: 36 | AE61: 37 | AF61: 38 | AG61: 39 | AH61: 40 | AI61: 41 | AJ61: 42
B62: 148 | C62: <10 | D62: 10 | E62: 11 | F62: 12 | G62: 13 | H62: 14 | I62: 15 | J62: 16 | K62: 17 | L62: 18 | M62: 19 | N62: 20 | O62: 21 | P62: 22 | Q62: 23 | R62: 24 | S62: 25 | T62: 26 | U62: 27 | V62: 28 | W62: 29 | X62: 30 | Y62: 31 | Z62: 32 | AA62: 33 | AB62: 34 | AC62: 35 | AD62: 36 | AE62: 37 | AF62: 38 | AG62: 39 | AH62: 40 | AI62: 41 | AJ62: 42
B63: 149 | C63: <10 | D63: 10 | E63: 11 | F63: 12 | G63: 13 | H63: 14 | I63: 15 | J63: 16 | K63: 17 | L63: 18 | M63: 19 | N63: 20 | O63: 21 | P63: 22 | Q63: 23 | R63: 24 | S63: 25 | T63: 26 | U63: 27 | V63: 28 | W63: 29 | X63: 30 | Y63: 31 | Z63: 32 | AA63: 33 | AB63: 34 | AC63: 35 | AD63: 36 | AE63: 37 | AF63: 38 | AG63: 39 | AH63: 40 | AI63: 41 | AJ63: 42
B64: 150 | C64: <10 | D64: 10 | E64: 11 | F64: 12 | G64: 13 | H64: 14 | I64: 15 | J64: 16 | K64: 17 | L64: 18 | M64: 19 | N64: 20 | O64: 21 | P64: 22 | Q64: 23 | R64: 24 | S64: 25 | T64: 26 | U64: 27 | V64: 28 | W64: 29 | X64: 30 | Y64: 31 | Z64: 32 | AA64: 33 | AB64: 34 | AC64: 35 | AD64: 36 | AE64: 37 | AF64: 38 | AG64: 39 | AH64: 40 | AI64: 41 | AJ64: 42
B65: 151 | C65: <10 | D65: 10 | E65: 11 | F65: 12 | G65: 13 | H65: 14 | I65: 15 | J65: 16 | K65: 17 | L65: 18 | M65: 19 | N65: 20 | O65: 21 | P65: 22 | Q65: 23 | R65: 24 | S65: 25 | T65: 26 | U65: 27 | V65: 28 | W65: 29 | X65: 30 | Y65: 31 | Z65: 32 | AA65: 33 | AB65: 34 | AC65: 35 | AD65: 36 | AE65: 36 | AF65: 37 | AG65: 38 | AH65: 39 | AI65: 40 | AJ65: 41
B66: 152 | C66: <10 | D66: 10 | E66: 11 | F66: 12 | G66: 13 | H66: 13 | I66: 14 | J66: 15 | K66: 16 | L66: 17 | M66: 18 | N66: 19 | O66: 20 | P66: 21 | Q66: 22 | R66: 23 | S66: 24 | T66: 25 | U66: 26 | V66: 27 | W66: 28 | X66: 29 | Y66: 30 | Z66: 31 | AA66: 32 | AB66: 33 | AC66: 34 | AD66: 35 | AE66: 36 | AF66: 37 | AG66: 38 | AH66: 39 | AI66: 40 | AJ66: 41
B67: 153 | C67: <10 | D67: <10 | E67: 10 | F67: 11 | G67: 12 | H67: 13 | I67: 14 | J67: 15 | K67: 16 | L67: 17 | M67: 18 | N67: 19 | O67: 20 | P67: 21 | Q67: 22 | R67: 23 | S67: 24 | T67: 25 | U67: 26 | V67: 27 | W67: 28 | X67: 29 | Y67: 30 | Z67: 31 | AA67: 32 | AB67: 33 | AC67: 34 | AD67: 35 | AE67: 36 | AF67: 37 | AG67: 38 | AH67: 39 | AI67: 40 | AJ67: 41
B68: 154 | C68: <10 | D68: <10 | E68: 10 | F68: 11 | G68: 12 | H68: 13 | I68: 14 | J68: 15 | K68: 16 | L68: 17 | M68: 18 | N68: 19 | O68: 20 | P68: 21 | Q68: 22 | R68: 23 | S68: 24 | T68: 25 | U68: 26 | V68: 27 | W68: 28 | X68: 29 | Y68: 30 | Z68: 31 | AA68: 32 | AB68: 33 | AC68: 34 | AD68: 35 | AE68: 36 | AF68: 37 | AG68: 38 | AH68: 39 | AI68: 40 | AJ68: 41
B69: 155 | C69: <10 | D69: <10 | E69: 10 | F69: 11 | G69: 12 | H69: 13 | I69: 14 | J69: 15 | K69: 16 | L69: 17 | M69: 18 | N69: 19 | O69: 20 | P69: 21 | Q69: 22 | R69: 23 | S69: 24 | T69: 25 | U69: 26 | V69: 27 | W69: 28 | X69: 29 | Y69: 30 | Z69: 31 | AA69: 32 | AB69: 33 | AC69: 34 | AD69: 35 | AE69: 36 | AF69: 37 | AG69: 38 | AH69: 39 | AI69: 40 | AJ69: 41
B70: 156 | C70: <10 | D70: <10 | E70: 10 | F70: 11 | G70: 12 | H70: 13 | I70: 14 | J70: 15 | K70: 16 | L70: 17 | M70: 18 | N70: 19 | O70: 20 | P70: 21 | Q70: 22 | R70: 23 | S70: 24 | T70: 25 | U70: 26 | V70: 27 | W70: 28 | X70: 29 | Y70: 30 | Z70: 31 | AA70: 32 | AB70: 33 | AC70: 34 | AD70: 35 | AE70: 36 | AF70: 37 | AG70: 38 | AH70: 39 | AI70: 40 | AJ70: 41
B71: 157 | C71: <10 | D71: <10 | E71: 10 | F71: 11 | G71: 12 | H71: 13 | I71: 14 | J71: 15 | K71: 16 | L71: 17 | M71: 18 | N71: 19 | O71: 20 | P71: 21 | Q71: 22 | R71: 23 | S71: 24 | T71: 25 | U71: 26 | V71: 27 | W71: 28 | X71: 29 | Y71: 30 | Z71: 31 | AA71: 32 | AB71: 33 | AC71: 34 | AD71: 35 | AE71: 36 | AF71: 37 | AG71: 38 | AH71: 39 | AI71: 40 | AJ71: 41
B72: 158 | C72: <10 | D72: <10 | E72: 10 | F72: 11 | G72: 12 | H72: 13 | I72: 14 | J72: 15 | K72: 16 | L72: 17 | M72: 18 | N72: 19 | O72: 20 | P72: 21 | Q72: 22 | R72: 23 | S72: 24 | T72: 25 | U72: 26 | V72: 27 | W72: 28 | X72: 29 | Y72: 30 | Z72: 31 | AA72: 32 | AB72: 33 | AC72: 34 | AD72: 35 | AE72: 36 | AF72: 37 | AG72: 38 | AH72: 39 | AI72: 40 | AJ72: 41
B73: 159 | C73: <10 | D73: <10 | E73: 10 | F73: 11 | G73: 12 | H73: 13 | I73: 14 | J73: 15 | K73: 16 | L73: 17 | M73: 18 | N73: 19 | O73: 20 | P73: 21 | Q73: 22 | R73: 23 | S73: 24 | T73: 25 | U73: 26 | V73: 27 | W73: 28 | X73: 29 | Y73: 30 | Z73: 31 | AA73: 32 | AB73: 33 | AC73: 34 | AD73: 35 | AE73: 36 | AF73: 37 | AG73: 38 | AH73: 39 | AI73: 40 | AJ73: 41
B74: 160 | C74: <10 | D74: <10 | E74: 10 | F74: 11 | G74: 12 | H74: 13 | I74: 14 | J74: 15 | K74: 16 | L74: 17 | M74: 18 | N74: 19 | O74: 20 | P74: 20 | Q74: 21 | R74: 22 | S74: 23 | T74: 24 | U74: 25 | V74: 26 | W74: 27 | X74: 28 | Y74: 29 | Z74: 30 | AA74: 31 | AB74: 32 | AC74: 33 | AD74: 34 | AE74: 35 | AF74: 36 | AG74: 37 | AH74: 38 | AI74: 39 | AJ74: 40
B75: 161 | C75: <10 | D75: <10 | E75: <10 | F75: 10 | G75: 11 | H75: 12 | I75: 13 | J75: 14 | K75: 15 | L75: 16 | M75: 17 | N75: 18 | O75: 19 | P75: 20 | Q75: 21 | R75: 22 | S75: 23 | T75: 24 | U75: 25 | V75: 26 | W75: 27 | X75: 28 | Y75: 29 | Z75: 30 | AA75: 31 | AB75: 32 | AC75: 33 | AD75: 34 | AE75: 35 | AF75: 36 | AG75: 37 | AH75: 38 | AI75: 39 | AJ75: 40
B76: 162 | C76: <10 | D76: <10 | E76: <10 | F76: 10 | G76: 11 | H76: 12 | I76: 13 | J76: 14 | K76: 15 | L76: 16 | M76: 17 | N76: 18 | O76: 19 | P76: 20 | Q76: 21 | R76: 22 | S76: 23 | T76: 24 | U76: 25 | V76: 26 | W76: 27 | X76: 28 | Y76: 29 | Z76: 30 | AA76: 31 | AB76: 32 | AC76: 33 | AD76: 34 | AE76: 35 | AF76: 36 | AG76: 37 | AH76: 38 | AI76: 39 | AJ76: 40
B77: 163 | C77: <10 | D77: <10 | E77: <10 | F77: 10 | G77: 11 | H77: 12 | I77: 13 | J77: 14 | K77: 15 | L77: 16 | M77: 17 | N77: 18 | O77: 19 | P77: 20 | Q77: 21 | R77: 22 | S77: 23 | T77: 24 | U77: 25 | V77: 26 | W77: 27 | X77: 28 | Y77: 29 | Z77: 30 | AA77: 31 | AB77: 32 | AC77: 33 | AD77: 34 | AE77: 35 | AF77: 36 | AG77: 37 | AH77: 38 | AI77: 39 | AJ77: 40
B78: 164 | C78: <10 | D78: <10 | E78: <10 | F78: 10 | G78: 11 | H78: 12 | I78: 13 | J78: 14 | K78: 15 | L78: 16 | M78: 17 | N78: 18 | O78: 19 | P78: 20 | Q78: 21 | R78: 22 | S78: 23 | T78: 24 | U78: 25 | V78: 26 | W78: 27 | X78: 28 | Y78: 29 | Z78: 30 | AA78: 31 | AB78: 32 | AC78: 33 | AD78: 34 | AE78: 35 | AF78: 36 | AG78: 37 | AH78: 38 | AI78: 39 | AJ78: 40
B79: 165 | C79: <10 | D79: <10 | E79: <10 | F79: 10 | G79: 11 | H79: 12 | I79: 13 | J79: 14 | K79: 15 | L79: 16 | M79: 17 | N79: 18 | O79: 19 | P79: 20 | Q79: 21 | R79: 22 | S79: 23 | T79: 24 | U79: 25 | V79: 26 | W79: 27 | X79: 28 | Y79: 29 | Z79: 30 | AA79: 31 | AB79: 32 | AC79: 33 | AD79: 34 | AE79: 35 | AF79: 36 | AG79: 37 | AH79: 38 | AI79: 39 | AJ79: 40
B80: 166 | C80: <10 | D80: <10 | E80: <10 | F80: 10 | G80: 11 | H80: 12 | I80: 13 | J80: 14 | K80: 15 | L80: 16 | M80: 17 | N80: 18 | O80: 19 | P80: 20 | Q80: 21 | R80: 22 | S80: 23 | T80: 24 | U80: 25 | V80: 26 | W80: 27 | X80: 28 | Y80: 29 | Z80: 30 | AA80: 31 | AB80: 32 | AC80: 33 | AD80: 34 | AE80: 35 | AF80: 36 | AG80: 37 | AH80: 38 | AI80: 39 | AJ80: 40
B81: 167 | C81: <10 | D81: <10 | E81: <10 | F81: 10 | G81: 11 | H81: 12 | I81: 13 | J81: 14 | K81: 15 | L81: 16 | M81: 17 | N81: 18 | O81: 19 | P81: 20 | Q81: 21 | R81: 22 | S81: 23 | T81: 24 | U81: 25 | V81: 26 | W81: 27 | X81: 28 | Y81: 29 | Z81: 30 | AA81: 31 | AB81: 32 | AC81: 33 | AD81: 34 | AE81: 35 | AF81: 36 | AG81: 37 | AH81: 38 | AI81: 39 | AJ81: 40
B82: 168 | C82: <10 | D82: <10 | E82: <10 | F82: 10 | G82: 11 | H82: 12 | I82: 13 | J82: 14 | K82: 15 | L82: 16 | M82: 17 | N82: 18 | O82: 19 | P82: 20 | Q82: 21 | R82: 22 | S82: 23 | T82: 24 | U82: 25 | V82: 26 | W82: 26 | X82: 27 | Y82: 28 | Z82: 29 | AA82: 30 | AB82: 31 | AC82: 32 | AD82: 33 | AE82: 34 | AF82: 35 | AG82: 36 | AH82: 37 | AI82: 38 | AJ82: 39
B83: 169 | C83: <10 | D83: <10 | E83: <10 | F83: <10 | G83: 10 | H83: 11 | I83: 12 | J83: 13 | K83: 14 | L83: 15 | M83: 16 | N83: 17 | O83: 18 | P83: 19 | Q83: 20 | R83: 21 | S83: 22 | T83: 23 | U83: 24 | V83: 25 | W83: 26 | X83: 27 | Y83: 28 | Z83: 29 | AA83: 30 | AB83: 31 | AC83: 32 | AD83: 33 | AE83: 34 | AF83: 35 | AG83: 36 | AH83: 37 | AI83: 38 | AJ83: 39
B84: 170 | C84: <10 | D84: <10 | E84: <10 | F84: <10 | G84: 10 | H84: 11 | I84: 12 | J84: 13 | K84: 14 | L84: 15 | M84: 16 | N84: 17 | O84: 18 | P84: 19 | Q84: 20 | R84: 21 | S84: 22 | T84: 23 | U84: 24 | V84: 25 | W84: 26 | X84: 27 | Y84: 28 | Z84: 29 | AA84: 30 | AB84: 31 | AC84: 32 | AD84: 33 | AE84: 34 | AF84: 35 | AG84: 36 | AH84: 37 | AI84: 38 | AJ84: 39
B85: 171 | C85: <10 | D85: <10 | E85: <10 | F85: <10 | G85: 10 | H85: 11 | I85: 12 | J85: 13 | K85: 14 | L85: 15 | M85: 16 | N85: 17 | O85: 18 | P85: 19 | Q85: 20 | R85: 21 | S85: 22 | T85: 23 | U85: 24 | V85: 25 | W85: 26 | X85: 27 | Y85: 28 | Z85: 29 | AA85: 30 | AB85: 31 | AC85: 32 | AD85: 33 | AE85: 34 | AF85: 35 | AG85: 36 | AH85: 37 | AI85: 38 | AJ85: 39
B86: 172 | C86: <10 | D86: <10 | E86: <10 | F86: <10 | G86: 10 | H86: 11 | I86: 12 | J86: 13 | K86: 14 | L86: 15 | M86: 16 | N86: 17 | O86: 18 | P86: 19 | Q86: 20 | R86: 21 | S86: 22 | T86: 23 | U86: 24 | V86: 25 | W86: 26 | X86: 27 | Y86: 28 | Z86: 29 | AA86: 30 | AB86: 31 | AC86: 32 | AD86: 33 | AE86: 34 | AF86: 35 | AG86: 36 | AH86: 37 | AI86: 38 | AJ86: 39
B87: 173 | C87: <10 | D87: <10 | E87: <10 | F87: <10 | G87: 10 | H87: 11 | I87: 12 | J87: 13 | K87: 14 | L87: 15 | M87: 16 | N87: 17 | O87: 18 | P87: 19 | Q87: 20 | R87: 21 | S87: 22 | T87: 23 | U87: 24 | V87: 25 | W87: 26 | X87: 27 | Y87: 28 | Z87: 29 | AA87: 30 | AB87: 31 | AC87: 32 | AD87: 33 | AE87: 34 | AF87: 35 | AG87: 36 | AH87: 37 | AI87: 38 | AJ87: 39
B88: 174 | C88: <10 | D88: <10 | E88: <10 | F88: <10 | G88: 10 | H88: 11 | I88: 12 | J88: 13 | K88: 14 | L88: 15 | M88: 16 | N88: 17 | O88: 18 | P88: 19 | Q88: 20 | R88: 21 | S88: 22 | T88: 23 | U88: 24 | V88: 25 | W88: 26 | X88: 27 | Y88: 28 | Z88: 29 | AA88: 30 | AB88: 31 | AC88: 32 | AD88: 33 | AE88: 34 | AF88: 35 | AG88: 36 | AH88: 37 | AI88: 38 | AJ88: 39
B89: 175 | C89: <10 | D89: <10 | E89: <10 | F89: <10 | G89: 10 | H89: 11 | I89: 12 | J89: 13 | K89: 14 | L89: 15 | M89: 16 | N89: 17 | O89: 18 | P89: 19 | Q89: 20 | R89: 21 | S89: 22 | T89: 23 | U89: 24 | V89: 25 | W89: 26 | X89: 27 | Y89: 28 | Z89: 29 | AA89: 30 | AB89: 31 | AC89: 32 | AD89: 33 | AE89: 34 | AF89: 35 | AG89: 36 | AH89: 37 | AI89: 38 | AJ89: 39
B90: 176 | C90: <10 | D90: <10 | E90: <10 | F90: <10 | G90: 10 | H90: 11 | I90: 12 | J90: 13 | K90: 14 | L90: 15 | M90: 16 | N90: 17 | O90: 18 | P90: 19 | Q90: 20 | R90: 21 | S90: 22 | T90: 23 | U90: 24 | V90: 25 | W90: 26 | X90: 27 | Y90: 28 | Z90: 29 | AA90: 30 | AB90: 31 | AC90: 32 | AD90: 33 | AE90: 34 | AF90: 34 | AG90: 35 | AH90: 36 | AI90: 37 | AJ90: 38
B91: 177 | C91: <10 | D91: <10 | E91: <10 | F91: <10 | G91: 10 | H91: 10 | I91: 11 | J91: 12 | K91: 13 | L91: 14 | M91: 15 | N91: 16 | O91: 17 | P91: 18 | Q91: 19 | R91: 20 | S91: 21 | T91: 22 | U91: 23 | V91: 24 | W91: 25 | X91: 26 | Y91: 27 | Z91: 28 | AA91: 29 | AB91: 30 | AC91: 31 | AD91: 32 | AE91: 33 | AF91: 34 | AG91: 35 | AH91: 36 | AI91: 37 | AJ91: 38
B92: 178 | C92: <10 | D92: <10 | E92: <10 | F92: <10 | G92: <10 | H92: 10 | I92: 11 | J92: 12 | K92: 13 | L92: 14 | M92: 15 | N92: 16 | O92: 17 | P92: 18 | Q92: 19 | R92: 20 | S92: 21 | T92: 22 | U92: 23 | V92: 24 | W92: 25 | X92: 26 | Y92: 27 | Z92: 28 | AA92: 29 | AB92: 30 | AC92: 31 | AD92: 32 | AE92: 33 | AF92: 34 | AG92: 35 | AH92: 36 | AI92: 37 | AJ92: 38
B93: 179 | C93: <10 | D93: <10 | E93: <10 | F93: <10 | G93: <10 | H93: 10 | I93: 11 | J93: 12 | K93: 13 | L93: 14 | M93: 15 | N93: 16 | O93: 17 | P93: 18 | Q93: 19 | R93: 20 | S93: 21 | T93: 22 | U93: 23 | V93: 24 | W93: 25 | X93: 26 | Y93: 27 | Z93: 28 | AA93: 29 | AB93: 30 | AC93: 31 | AD93: 32 | AE93: 33 | AF93: 34 | AG93: 35 | AH93: 36 | AI93: 37 | AJ93: 38
B94: 180 | C94: <10 | D94: <10 | E94: <10 | F94: <10 | G94: <10 | H94: 10 | I94: 11 | J94: 12 | K94: 13 | L94: 14 | M94: 15 | N94: 16 | O94: 17 | P94: 18 | Q94: 19 | R94: 20 | S94: 21 | T94: 22 | U94: 23 | V94: 24 | W94: 25 | X94: 26 | Y94: 27 | Z94: 28 | AA94: 29 | AB94: 30 | AC94: 31 | AD94: 32 | AE94: 33 | AF94: 34 | AG94: 35 | AH94: 36 | AI94: 37 | AJ94: 38
B95: 181 | C95: <10 | D95: <10 | E95: <10 | F95: <10 | G95: <10 | H95: 10 | I95: 11 | J95: 12 | K95: 13 | L95: 14 | M95: 15 | N95: 16 | O95: 17 | P95: 18 | Q95: 19 | R95: 20 | S95: 21 | T95: 22 | U95: 23 | V95: 24 | W95: 25 | X95: 26 | Y95: 27 | Z95: 28 | AA95: 29 | AB95: 30 | AC95: 31 | AD95: 32 | AE95: 33 | AF95: 34 | AG95: 35 | AH95: 36 | AI95: 37 | AJ95: 38
B96: 182 | C96: <10 | D96: <10 | E96: <10 | F96: <10 | G96: <10 | H96: 10 | I96: 11 | J96: 12 | K96: 13 | L96: 14 | M96: 15 | N96: 16 | O96: 17 | P96: 18 | Q96: 19 | R96: 20 | S96: 21 | T96: 22 | U96: 23 | V96: 24 | W96: 25 | X96: 26 | Y96: 27 | Z96: 28 | AA96: 29 | AB96: 30 | AC96: 31 | AD96: 32 | AE96: 33 | AF96: 34 | AG96: 35 | AH96: 36 | AI96: 37 | AJ96: 38
B97: 183 | C97: <10 | D97: <10 | E97: <10 | F97: <10 | G97: <10 | H97: 10 | I97: 11 | J97: 12 | K97: 13 | L97: 14 | M97: 15 | N97: 16 | O97: 17 | P97: 18 | Q97: 19 | R97: 20 | S97: 21 | T97: 22 | U97: 23 | V97: 24 | W97: 25 | X97: 26 | Y97: 27 | Z97: 28 | AA97: 29 | AB97: 30 | AC97: 31 | AD97: 32 | AE97: 33 | AF97: 34 | AG97: 35 | AH97: 36 | AI97: 37 | AJ97: 38
B98: 184 | C98: <10 | D98: <10 | E98: <10 | F98: <10 | G98: <10 | H98: 10 | I98: 11 | J98: 12 | K98: 13 | L98: 14 | M98: 15 | N98: 16 | O98: 17 | P98: 18 | Q98: 19 | R98: 20 | S98: 21 | T98: 22 | U98: 23 | V98: 24 | W98: 25 | X98: 26 | Y98: 27 | Z98: 28 | AA98: 29 | AB98: 30 | AC98: 31 | AD98: 32 | AE98: 33 | AF98: 34 | AG98: 35 | AH98: 36 | AI98: 37 | AJ98: 38
B99: 185 | C99: <10 | D99: <10 | E99: <10 | F99: <10 | G99: <10 | H99: 10 | I99: 11 | J99: 12 | K99: 13 | L99: 14 | M99: 15 | N99: 16 | O99: 16 | P99: 17 | Q99: 18 | R99: 19 | S99: 20 | T99: 21 | U99: 22 | V99: 23 | W99: 24 | X99: 25 | Y99: 26 | Z99: 27 | AA99: 28 | AB99: 29 | AC99: 30 | AD99: 31 | AE99: 32 | AF99: 33 | AG99: 34 | AH99: 35 | AI99: 36 | AJ99: 37
B100: 186 | C100: <10 | D100: <10 | E100: <10 | F100: <10 | G100: <10 | H100: <10 | I100: 10 | J100: 11 | K100: 12 | L100: 13 | M100: 14 | N100: 15 | O100: 16 | P100: 17 | Q100: 18 | R100: 19 | S100: 20 | T100: 21 | U100: 22 | V100: 23 | W100: 24 | X100: 25 | Y100: 26 | Z100: 27 | AA100: 28 | AB100: 29 | AC100: 30 | AD100: 31 | AE100: 32 | AF100: 33 | AG100: 34 | AH100: 35 | AI100: 36 | AJ100: 37
B101: 187 | C101: <10 | D101: <10 | E101: <10 | F101: <10 | G101: <10 | H101: <10 | I101: 10 | J101: 11 | K101: 12 | L101: 13 | M101: 14 | N101: 15 | O101: 16 | P101: 17 | Q101: 18 | R101: 19 | S101: 20 | T101: 21 | U101: 22 | V101: 23 | W101: 24 | X101: 25 | Y101: 26 | Z101: 27 | AA101: 28 | AB101: 29 | AC101: 30 | AD101: 31 | AE101: 32 | AF101: 33 | AG101: 34 | AH101: 35 | AI101: 36 | AJ101: 37
B102: 188 | C102: <10 | D102: <10 | E102: <10 | F102: <10 | G102: <10 | H102: <10 | I102: 10 | J102: 11 | K102: 12 | L102: 13 | M102: 14 | N102: 15 | O102: 16 | P102: 17 | Q102: 18 | R102: 19 | S102: 20 | T102: 21 | U102: 22 | V102: 23 | W102: 24 | X102: 25 | Y102: 26 | Z102: 27 | AA102: 28 | AB102: 29 | AC102: 30 | AD102: 31 | AE102: 32 | AF102: 33 | AG102: 34 | AH102: 35 | AI102: 36 | AJ102: 37
B103: 189 | C103: <10 | D103: <10 | E103: <10 | F103: <10 | G103: <10 | H103: <10 | I103: 10 | J103: 11 | K103: 12 | L103: 13 | M103: 14 | N103: 15 | O103: 16 | P103: 17 | Q103: 18 | R103: 19 | S103: 20 | T103: 21 | U103: 22 | V103: 23 | W103: 24 | X103: 25 | Y103: 26 | Z103: 27 | AA103: 28 | AB103: 29 | AC103: 30 | AD103: 31 | AE103: 32 | AF103: 33 | AG103: 34 | AH103: 35 | AI103: 36 | AJ103: 37
B104: 190 | C104: <10 | D104: <10 | E104: <10 | F104: <10 | G104: <10 | H104: <10 | I104: 10 | J104: 11 | K104: 12 | L104: 13 | M104: 14 | N104: 15 | O104: 16 | P104: 17 | Q104: 18 | R104: 19 | S104: 20 | T104: 21 | U104: 22 | V104: 23 | W104: 24 | X104: 25 | Y104: 26 | Z104: 27 | AA104: 28 | AB104: 29 | AC104: 30 | AD104: 31 | AE104: 32 | AF104: 33 | AG104: 34 | AH104: 35 | AI104: 36 | AJ104: 37
B105: 191 | C105: <10 | D105: <10 | E105: <10 | F105: <10 | G105: <10 | H105: <10 | I105: 10 | J105: 11 | K105: 12 | L105: 13 | M105: 14 | N105: 15 | O105: 16 | P105: 17 | Q105: 18 | R105: 19 | S105: 20 | T105: 21 | U105: 22 | V105: 23 | W105: 24 | X105: 25 | Y105: 26 | Z105: 27 | AA105: 28 | AB105: 29 | AC105: 30 | AD105: 31 | AE105: 32 | AF105: 33 | AG105: 34 | AH105: 35 | AI105: 36 | AJ105: 37
B106: 192 | C106: <10 | D106: <10 | E106: <10 | F106: <10 | G106: <10 | H106: <10 | I106: 10 | J106: 11 | K106: 12 | L106: 13 | M106: 14 | N106: 15 | O106: 16 | P106: 17 | Q106: 18 | R106: 19 | S106: 20 | T106: 21 | U106: 22 | V106: 23 | W106: 24 | X106: 25 | Y106: 26 | Z106: 27 | AA106: 28 | AB106: 29 | AC106: 30 | AD106: 31 | AE106: 32 | AF106: 33 | AG106: 34 | AH106: 35 | AI106: 36 | AJ106: 37
B107: 193 | C107: <10 | D107: <10 | E107: <10 | F107: <10 | G107: <10 | H107: <10 | I107: 10 | J107: 11 | K107: 12 | L107: 13 | M107: 14 | N107: 15 | O107: 16 | P107: 17 | Q107: 18 | R107: 19 | S107: 20 | T107: 21 | U107: 22 | V107: 23 | W107: 24 | X107: 24 | Y107: 25 | Z107: 26 | AA107: 27 | AB107: 28 | AC107: 29 | AD107: 30 | AE107: 31 | AF107: 32 | AG107: 33 | AH107: 34 | AI107: 35 | AJ107: 36
B108: 194 | C108: <10 | D108: <10 | E108: <10 | F108: <10 | G108: <10 | H108: <10 | I108: <10 | J108: 10 | K108: 11 | L108: 12 | M108: 13 | N108: 14 | O108: 15 | P108: 16 | Q108: 17 | R108: 18 | S108: 19 | T108: 20 | U108: 21 | V108: 22 | W108: 23 | X108: 24 | Y108: 25 | Z108: 26 | AA108: 27 | AB108: 28 | AC108: 29 | AD108: 30 | AE108: 31 | AF108: 32 | AG108: 33 | AH108: 34 | AI108: 35 | AJ108: 36
B109: 195 | C109: <10 | D109: <10 | E109: <10 | F109: <10 | G109: <10 | H109: <10 | I109: <10 | J109: 10 | K109: 11 | L109: 12 | M109: 13 | N109: 14 | O109: 15 | P109: 16 | Q109: 17 | R109: 18 | S109: 19 | T109: 20 | U109: 21 | V109: 22 | W109: 23 | X109: 24 | Y109: 25 | Z109: 26 | AA109: 27 | AB109: 28 | AC109: 29 | AD109: 30 | AE109: 31 | AF109: 32 | AG109: 33 | AH109: 34 | AI109: 35 | AJ109: 36
B110: 196 | C110: <10 | D110: <10 | E110: <10 | F110: <10 | G110: <10 | H110: <10 | I110: <10 | J110: 10 | K110: 11 | L110: 12 | M110: 13 | N110: 14 | O110: 15 | P110: 16 | Q110: 17 | R110: 18 | S110: 19 | T110: 20 | U110: 21 | V110: 22 | W110: 23 | X110: 24 | Y110: 25 | Z110: 26 | AA110: 27 | AB110: 28 | AC110: 29 | AD110: 30 | AE110: 31 | AF110: 32 | AG110: 33 | AH110: 34 | AI110: 35 | AJ110: 36
B111: 197 | C111: <10 | D111: <10 | E111: <10 | F111: <10 | G111: <10 | H111: <10 | I111: <10 | J111: 10 | K111: 11 | L111: 12 | M111: 13 | N111: 14 | O111: 15 | P111: 16 | Q111: 17 | R111: 18 | S111: 19 | T111: 20 | U111: 21 | V111: 22 | W111: 23 | X111: 24 | Y111: 25 | Z111: 26 | AA111: 27 | AB111: 28 | AC111: 29 | AD111: 30 | AE111: 31 | AF111: 32 | AG111: 33 | AH111: 34 | AI111: 35 | AJ111: 36
B112: 198 | C112: <10 | D112: <10 | E112: <10 | F112: <10 | G112: <10 | H112: <10 | I112: <10 | J112: 10 | K112: 11 | L112: 12 | M112: 13 | N112: 14 | O112: 15 | P112: 16 | Q112: 17 | R112: 18 | S112: 19 | T112: 20 | U112: 21 | V112: 22 | W112: 23 | X112: 24 | Y112: 25 | Z112: 26 | AA112: 27 | AB112: 28 | AC112: 29 | AD112: 30 | AE112: 31 | AF112: 32 | AG112: 33 | AH112: 34 | AI112: 35 | AJ112: 36
B113: 199 | C113: <10 | D113: <10 | E113: <10 | F113: <10 | G113: <10 | H113: <10 | I113: <10 | J113: 10 | K113: 11 | L113: 12 | M113: 13 | N113: 14 | O113: 15 | P113: 16 | Q113: 17 | R113: 18 | S113: 19 | T113: 20 | U113: 21 | V113: 22 | W113: 23 | X113: 24 | Y113: 25 | Z113: 26 | AA113: 27 | AB113: 28 | AC113: 29 | AD113: 30 | AE113: 31 | AF113: 32 | AG113: 33 | AH113: 34 | AI113: 35 | AJ113: 36
B114: 200 | C114: <10 | D114: <10 | E114: <10 | F114: <10 | G114: <10 | H114: <10 | I114: <10 | J114: 10 | K114: 11 | L114: 12 | M114: 13 | N114: 14 | O114: 15 | P114: 16 | Q114: 17 | R114: 18 | S114: 19 | T114: 20 | U114: 21 | V114: 22 | W114: 23 | X114: 24 | Y114: 25 | Z114: 26 | AA114: 27 | AB114: 28 | AC114: 29 | AD114: 30 | AE114: 31 | AF114: 32 | AG114: 33 | AH114: 34 | AI114: 35 | AJ114: 36
B115: 201 | C115: <10 | D115: <10 | E115: <10 | F115: <10 | G115: <10 | H115: <10 | I115: <10 | J115: 10 | K115: 11 | L115: 12 | M115: 13 | N115: 14 | O115: 15 | P115: 16 | Q115: 17 | R115: 18 | S115: 19 | T115: 20 | U115: 21 | V115: 22 | W115: 23 | X115: 24 | Y115: 25 | Z115: 26 | AA115: 27 | AB115: 28 | AC115: 29 | AD115: 30 | AE115: 31 | AF115: 31 | AG115: 32 | AH115: 33 | AI115: 34 | AJ115: 35
B116: 202 | C116: <10 | D116: <10 | E116: <10 | F116: <10 | G116: <10 | H116: <10 | I116: <10 | J116: <10 | K116: 10 | L116: 11 | M116: 12 | N116: 13 | O116: 14 | P116: 15 | Q116: 16 | R116: 17 | S116: 18 | T116: 19 | U116: 20 | V116: 21 | W116: 22 | X116: 23 | Y116: 24 | Z116: 25 | AA116: 26 | AB116: 27 | AC116: 28 | AD116: 29 | AE116: 30 | AF116: 31 | AG116: 32 | AH116: 33 | AI116: 34 | AJ116: 35
B117: 203 | C117: <10 | D117: <10 | E117: <10 | F117: <10 | G117: <10 | H117: <10 | I117: <10 | J117: <10 | K117: 10 | L117: 11 | M117: 12 | N117: 13 | O117: 14 | P117: 15 | Q117: 16 | R117: 17 | S117: 18 | T117: 19 | U117: 20 | V117: 21 | W117: 22 | X117: 23 | Y117: 24 | Z117: 25 | AA117: 26 | AB117: 27 | AC117: 28 | AD117: 29 | AE117: 30 | AF117: 31 | AG117: 32 | AH117: 33 | AI117: 34 | AJ117: 35
B118: 204 | C118: <10 | D118: <10 | E118: <10 | F118: <10 | G118: <10 | H118: <10 | I118: <10 | J118: <10 | K118: 10 | L118: 11 | M118: 12 | N118: 13 | O118: 14 | P118: 15 | Q118: 16 | R118: 17 | S118: 18 | T118: 19 | U118: 20 | V118: 21 | W118: 22 | X118: 23 | Y118: 24 | Z118: 25 | AA118: 26 | AB118: 27 | AC118: 28 | AD118: 29 | AE118: 30 | AF118: 31 | AG118: 32 | AH118: 33 | AI118: 34 | AJ118: 35
B119: 205 | C119: <10 | D119: <10 | E119: <10 | F119: <10 | G119: <10 | H119: <10 | I119: <10 | J119: <10 | K119: 10 | L119: 11 | M119: 12 | N119: 13 | O119: 14 | P119: 15 | Q119: 16 | R119: 17 | S119: 18 | T119: 19 | U119: 20 | V119: 21 | W119: 22 | X119: 23 | Y119: 24 | Z119: 25 | AA119: 26 | AB119: 27 | AC119: 28 | AD119: 29 | AE119: 30 | AF119: 31 | AG119: 32 | AH119: 33 | AI119: 34 | AJ119: 35
B120: 206 | C120: <10 | D120: <10 | E120: <10 | F120: <10 | G120: <10 | H120: <10 | I120: <10 | J120: <10 | K120: 10 | L120: 11 | M120: 12 | N120: 13 | O120: 14 | P120: 15 | Q120: 16 | R120: 17 | S120: 18 | T120: 19 | U120: 20 | V120: 21 | W120: 22 | X120: 23 | Y120: 24 | Z120: 25 | AA120: 26 | AB120: 27 | AC120: 28 | AD120: 29 | AE120: 30 | AF120: 31 | AG120: 32 | AH120: 33 | AI120: 34 | AJ120: 35
B121: 207 | C121: <10 | D121: <10 | E121: <10 | F121: <10 | G121: <10 | H121: <10 | I121: <10 | J121: <10 | K121: 10 | L121: 11 | M121: 12 | N121: 13 | O121: 14 | P121: 15 | Q121: 16 | R121: 17 | S121: 18 | T121: 19 | U121: 20 | V121: 21 | W121: 22 | X121: 23 | Y121: 24 | Z121: 25 | AA121: 26 | AB121: 27 | AC121: 28 | AD121: 29 | AE121: 30 | AF121: 31 | AG121: 32 | AH121: 33 | AI121: 34 | AJ121: 35
B122: 208 | C122: <10 | D122: <10 | E122: <10 | F122: <10 | G122: <10 | H122: <10 | I122: <10 | J122: <10 | K122: 10 | L122: 11 | M122: 12 | N122: 13 | O122: 14 | P122: 15 | Q122: 16 | R122: 17 | S122: 18 | T122: 19 | U122: 20 | V122: 21 | W122: 22 | X122: 23 | Y122: 24 | Z122: 25 | AA122: 26 | AB122: 27 | AC122: 28 | AD122: 29 | AE122: 30 | AF122: 31 | AG122: 32 | AH122: 33 | AI122: 34 | AJ122: 35
B123: 209 | C123: <10 | D123: <10 | E123: <10 | F123: <10 | G123: <10 | H123: <10 | I123: <10 | J123: <10 | K123: 10 | L123: 11 | M123: 12 | N123: 13 | O123: 14 | P123: 15 | Q123: 16 | R123: 17 | S123: 18 | T123: 19 | U123: 20 | V123: 21 | W123: 22 | X123: 23 | Y123: 24 | Z123: 25 | AA123: 26 | AB123: 27 | AC123: 28 | AD123: 29 | AE123: 30 | AF123: 31 | AG123: 32 | AH123: 33 | AI123: 34 | AJ123: 35
B124: 210 | C124: <10 | D124: <10 | E124: <10 | F124: <10 | G124: <10 | H124: <10 | I124: <10 | J124: <10 | K124: 10 | L124: 11 | M124: 12 | N124: 13 | O124: 14 | P124: 14 | Q124: 15 | R124: 16 | S124: 17 | T124: 18 | U124: 19 | V124: 20 | W124: 21 | X124: 22 | Y124: 23 | Z124: 24 | AA124: 25 | AB124: 26 | AC124: 27 | AD124: 28 | AE124: 29 | AF124: 30 | AG124: 31 | AH124: 32 | AI124: 33 | AJ124: 34
B125: 211 | C125: <10 | D125: <10 | E125: <10 | F125: <10 | G125: <10 | H125: <10 | I125: <10 | J125: <10 | K125: <10 | L125: 10 | M125: 11 | N125: 12 | O125: 13 | P125: 14 | Q125: 15 | R125: 16 | S125: 17 | T125: 18 | U125: 19 | V125: 20 | W125: 21 | X125: 22 | Y125: 23 | Z125: 24 | AA125: 25 | AB125: 26 | AC125: 27 | AD125: 28 | AE125: 29 | AF125: 30 | AG125: 31 | AH125: 32 | AI125: 33 | AJ125: 34
B126: 212 | C126: <10 | D126: <10 | E126: <10 | F126: <10 | G126: <10 | H126: <10 | I126: <10 | J126: <10 | K126: <10 | L126: 10 | M126: 11 | N126: 12 | O126: 13 | P126: 14 | Q126: 15 | R126: 16 | S126: 17 | T126: 18 | U126: 19 | V126: 20 | W126: 21 | X126: 22 | Y126: 23 | Z126: 24 | AA126: 25 | AB126: 26 | AC126: 27 | AD126: 28 | AE126: 29 | AF126: 30 | AG126: 31 | AH126: 32 | AI126: 33 | AJ126: 34
B127: 213 | C127: <10 | D127: <10 | E127: <10 | F127: <10 | G127: <10 | H127: <10 | I127: <10 | J127: <10 | K127: <10 | L127: 10 | M127: 11 | N127: 12 | O127: 13 | P127: 14 | Q127: 15 | R127: 16 | S127: 17 | T127: 18 | U127: 19 | V127: 20 | W127: 21 | X127: 22 | Y127: 23 | Z127: 24 | AA127: 25 | AB127: 26 | AC127: 27 | AD127: 28 | AE127: 29 | AF127: 30 | AG127: 31 | AH127: 32 | AI127: 33 | AJ127: 34
B128: 214 | C128: <10 | D128: <10 | E128: <10 | F128: <10 | G128: <10 | H128: <10 | I128: <10 | J128: <10 | K128: <10 | L128: 10 | M128: 11 | N128: 12 | O128: 13 | P128: 14 | Q128: 15 | R128: 16 | S128: 17 | T128: 18 | U128: 19 | V128: 20 | W128: 21 | X128: 22 | Y128: 23 | Z128: 24 | AA128: 25 | AB128: 26 | AC128: 27 | AD128: 28 | AE128: 29 | AF128: 30 | AG128: 31 | AH128: 32 | AI128: 33 | AJ128: 34
B129: 215 | C129: <10 | D129: <10 | E129: <10 | F129: <10 | G129: <10 | H129: <10 | I129: <10 | J129: <10 | K129: <10 | L129: 10 | M129: 11 | N129: 12 | O129: 13 | P129: 14 | Q129: 15 | R129: 16 | S129: 17 | T129: 18 | U129: 19 | V129: 20 | W129: 21 | X129: 22 | Y129: 23 | Z129: 24 | AA129: 25 | AB129: 26 | AC129: 27 | AD129: 28 | AE129: 29 | AF129: 30 | AG129: 31 | AH129: 32 | AI129: 33 | AJ129: 34
B130: 216 | C130: <10 | D130: <10 | E130: <10 | F130: <10 | G130: <10 | H130: <10 | I130: <10 | J130: <10 | K130: <10 | L130: 10 | M130: 11 | N130: 12 | O130: 13 | P130: 14 | Q130: 15 | R130: 16 | S130: 17 | T130: 18 | U130: 19 | V130: 20 | W130: 21 | X130: 22 | Y130: 23 | Z130: 24 | AA130: 25 | AB130: 26 | AC130: 27 | AD130: 28 | AE130: 29 | AF130: 30 | AG130: 31 | AH130: 32 | AI130: 33 | AJ130: 34
B131: 217 | C131: <10 | D131: <10 | E131: <10 | F131: <10 | G131: <10 | H131: <10 | I131: <10 | J131: <10 | K131: <10 | L131: 10 | M131: 11 | N131: 12 | O131: 13 | P131: 14 | Q131: 15 | R131: 16 | S131: 17 | T131: 18 | U131: 19 | V131: 20 | W131: 21 | X131: 22 | Y131: 23 | Z131: 24 | AA131: 25 | AB131: 26 | AC131: 27 | AD131: 28 | AE131: 29 | AF131: 30 | AG131: 31 | AH131: 32 | AI131: 33 | AJ131: 34
B132: 218 | C132: <10 | D132: <10 | E132: <10 | F132: <10 | G132: <10 | H132: <10 | I132: <10 | J132: <10 | K132: <10 | L132: 10 | M132: 11 | N132: 12 | O132: 13 | P132: 14 | Q132: 15 | R132: 16 | S132: 17 | T132: 18 | U132: 19 | V132: 20 | W132: 20 | X132: 21 | Y132: 22 | Z132: 23 | AA132: 24 | AB132: 25 | AC132: 26 | AD132: 27 | AE132: 28 | AF132: 29 | AG132: 30 | AH132: 31 | AI132: 32 | AJ132: 33
B133: 219 | C133: <10 | D133: <10 | E133: <10 | F133: <10 | G133: <10 | H133: <10 | I133: <10 | J133: <10 | K133: <10 | L133: <10 | M133: 10 | N133: 11 | O133: 12 | P133: 13 | Q133: 14 | R133: 15 | S133: 16 | T133: 17 | U133: 18 | V133: 19 | W133: 20 | X133: 21 | Y133: 22 | Z133: 23 | AA133: 24 | AB133: 25 | AC133: 26 | AD133: 27 | AE133: 28 | AF133: 29 | AG133: 30 | AH133: 31 | AI133: 32 | AJ133: 33
B134: 220 | C134: <10 | D134: <10 | E134: <10 | F134: <10 | G134: <10 | H134: <10 | I134: <10 | J134: <10 | K134: <10 | L134: <10 | M134: 10 | N134: 11 | O134: 12 | P134: 13 | Q134: 14 | R134: 15 | S134: 16 | T134: 17 | U134: 18 | V134: 19 | W134: 20 | X134: 21 | Y134: 22 | Z134: 23 | AA134: 24 | AB134: 25 | AC134: 26 | AD134: 27 | AE134: 28 | AF134: 29 | AG134: 30 | AH134: 31 | AI134: 32 | AJ134: 33
B135: 221 | C135: <10 | D135: <10 | E135: <10 | F135: <10 | G135: <10 | H135: <10 | I135: <10 | J135: <10 | K135: <10 | L135: <10 | M135: 10 | N135: 11 | O135: 12 | P135: 13 | Q135: 14 | R135: 15 | S135: 16 | T135: 17 | U135: 18 | V135: 19 | W135: 20 | X135: 21 | Y135: 22 | Z135: 23 | AA135: 24 | AB135: 25 | AC135: 26 | AD135: 27 | AE135: 28 | AF135: 29 | AG135: 30 | AH135: 31 | AI135: 32 | AJ135: 33
B136: 222 | C136: <10 | D136: <10 | E136: <10 | F136: <10 | G136: <10 | H136: <10 | I136: <10 | J136: <10 | K136: <10 | L136: <10 | M136: 10 | N136: 11 | O136: 12 | P136: 13 | Q136: 14 | R136: 15 | S136: 16 | T136: 17 | U136: 18 | V136: 19 | W136: 20 | X136: 21 | Y136: 22 | Z136: 23 | AA136: 24 | AB136: 25 | AC136: 26 | AD136: 27 | AE136: 28 | AF136: 29 | AG136: 30 | AH136: 31 | AI136: 32 | AJ136: 33
B137: 223 | C137: <10 | D137: <10 | E137: <10 | F137: <10 | G137: <10 | H137: <10 | I137: <10 | J137: <10 | K137: <10 | L137: <10 | M137: 10 | N137: 11 | O137: 12 | P137: 13 | Q137: 14 | R137: 15 | S137: 16 | T137: 17 | U137: 18 | V137: 19 | W137: 20 | X137: 21 | Y137: 22 | Z137: 23 | AA137: 24 | AB137: 25 | AC137: 26 | AD137: 27 | AE137: 28 | AF137: 29 | AG137: 30 | AH137: 31 | AI137: 32 | AJ137: 33
B138: 224 | C138: <10 | D138: <10 | E138: <10 | F138: <10 | G138: <10 | H138: <10 | I138: <10 | J138: <10 | K138: <10 | L138: <10 | M138: 10 | N138: 11 | O138: 12 | P138: 13 | Q138: 14 | R138: 15 | S138: 16 | T138: 17 | U138: 18 | V138: 19 | W138: 20 | X138: 21 | Y138: 22 | Z138: 23 | AA138: 24 | AB138: 25 | AC138: 26 | AD138: 27 | AE138: 28 | AF138: 29 | AG138: 30 | AH138: 31 | AI138: 32 | AJ138: 33
B139: 225 | C139: <10 | D139: <10 | E139: <10 | F139: <10 | G139: <10 | H139: <10 | I139: <10 | J139: <10 | K139: <10 | L139: <10 | M139: 10 | N139: 11 | O139: 12 | P139: 13 | Q139: 14 | R139: 15 | S139: 16 | T139: 17 | U139: 18 | V139: 19 | W139: 20 | X139: 21 | Y139: 22 | Z139: 23 | AA139: 24 | AB139: 25 | AC139: 26 | AD139: 27 | AE139: 28 | AF139: 29 | AG139: 30 | AH139: 31 | AI139: 32 | AJ139: 33
B140: 226 | C140: <10 | D140: <10 | E140: <10 | F140: <10 | G140: <10 | H140: <10 | I140: <10 | J140: <10 | K140: <10 | L140: <10 | M140: 10 | N140: 11 | O140: 12 | P140: 13 | Q140: 14 | R140: 15 | S140: 16 | T140: 17 | U140: 18 | V140: 19 | W140: 20 | X140: 21 | Y140: 22 | Z140: 23 | AA140: 24 | AB140: 25 | AC140: 26 | AD140: 27 | AE140: 28 | AF140: 28 | AG140: 29 | AH140: 30 | AI140: 31 | AJ140: 32
...

Sheet Figure B-2 Female
C1: 2023 ARMY CALCULATED PERCENT (%) BODY FAT - FEMALE
C2: WAIST CIRCUMFERENCE (inches)
C3: 25 | D3: 25.5 | E3: 26 | F3: 26.5 | G3: 27 | H3: 27.5 | I3: 28 | J3: 28.5 | K3: 29 | L3: 29.5 | M3: 30 | N3: 30.5 | O3: 31 | P3: 31.5 | Q3: 32 | R3: 32.5 | S3: 33 | T3: 33.5 | U3: 34 | V3: 34.5 | W3: 35 | X3: 35.5 | Y3: 36 | Z3: 36.5 | AA3: 37 | AB3: 37.5 | AC3: 38 | AD3: 38.5 | AE3: 39 | AF3: 39.5 | AG3: 40 | AH3: 40.5 | AI3: 41 | AJ3: 41.5
A4: BODY WEIGHT (pounds) BODY WEIGHT (pounds) BODY WEIGHT (pounds) BODY WEIGHT (pounds) BODY WEIGHT (pounds) BODY WEIGHT (pounds) | B4: 90 | C4: 21 | D4: 22 | E4: 23 | F4: 23 | G4: 24 | H4: 24 | I4: 25 | J4: 26 | K4: 26 | L4: 27 | M4: 28 | N4: 28 | O4: 29 | P4: 30 | Q4: 30 | R4: 31 | S4: 31 | T4: 32 | U4: 33 | V4: 33 | W4: 34 | X4: 35 | Y4: 35 | Z4: 36 | AA4: 36 | AB4: 37 | AC4: 38 | AD4: 38 | AE4: 39 | AF4: 40 | AG4: 40 | AH4: 41 | AI4: 42 | AJ4: 42
B5: 91 | C5: 21 | D5: 22 | E5: 23 | F5: 23 | G5: 24 | H5: 24 | I5: 25 | J5: 26 | K5: 26 | L5: 27 | M5: 28 | N5: 28 | O5: 29 | P5: 29 | Q5: 30 | R5: 31 | S5: 31 | T5: 32 | U5: 33 | V5: 33 | W5: 34 | X5: 35 | Y5: 35 | Z5: 36 | AA5: 36 | AB5: 37 | AC5: 38 | AD5: 38 | AE5: 39 | AF5: 40 | AG5: 40 | AH5: 41 | AI5: 42 | AJ5: 42
B6: 92 | C6: 21 | D6: 22 | E6: 22 | F6: 23 | G6: 24 | H6: 24 | I6: 25 | J6: 26 | K6: 26 | L6: 27 | M6: 28 | N6: 28 | O6: 29 | P6: 29 | Q6: 30 | R6: 31 | S6: 31 | T6: 32 | U6: 33 | V6: 33 | W6: 34 | X6: 35 | Y6: 35 | Z6: 36 | AA6: 36 | AB6: 37 | AC6: 38 | AD6: 38 | AE6: 39 | AF6: 40 | AG6: 40 | AH6: 41 | AI6: 42 | AJ6: 42
B7: 93 | C7: 21 | D7: 22 | E7: 22 | F7: 23 | G7: 24 | H7: 24 | I7: 25 | J7: 26 | K7: 26 | L7: 27 | M7: 28 | N7: 28 | O7: 29 | P7: 29 | Q7: 30 | R7: 31 | S7: 31 | T7: 32 | U7: 33 | V7: 33 | W7: 34 | X7: 35 | Y7: 35 | Z7: 36 | AA7: 36 | AB7: 37 | AC7: 38 | AD7: 38 | AE7: 39 | AF7: 40 | AG7: 40 | AH7: 41 | AI7: 42 | AJ7: 42
B8: 94 | C8: 21 | D8: 22 | E8: 22 | F8: 23 | G8: 24 | H8: 24 | I8: 25 | J8: 26 | K8: 26 | L8: 27 | M8: 28 | N8: 28 | O8: 29 | P8: 29 | Q8: 30 | R8: 31 | S8: 31 | T8: 32 | U8: 33 | V8: 33 | W8: 34 | X8: 35 | Y8: 35 | Z8: 36 | AA8: 36 | AB8: 37 | AC8: 38 | AD8: 38 | AE8: 39 | AF8: 40 | AG8: 40 | AH8: 41 | AI8: 42 | AJ8: 42
B9: 95 | C9: 21 | D9: 22 | E9: 22 | F9: 23 | G9: 24 | H9: 24 | I9: 25 | J9: 26 | K9: 26 | L9: 27 | M9: 28 | N9: 28 | O9: 29 | P9: 29 | Q9: 30 | R9: 31 | S9: 31 | T9: 32 | U9: 33 | V9: 33 | W9: 34 | X9: 35 | Y9: 35 | Z9: 36 | AA9: 36 | AB9: 37 | AC9: 38 | AD9: 38 | AE9: 39 | AF9: 40 | AG9: 40 | AH9: 41 | AI9: 41 | AJ9: 42
B10: 96 | C10: 21 | D10: 22 | E10: 22 | F10: 23 | G10: 24 | H10: 24 | I10: 25 | J10: 26 | K10: 26 | L10: 27 | M10: 28 | N10: 28 | O10: 29 | P10: 29 | Q10: 30 | R10: 31 | S10: 31 | T10: 32 | U10: 33 | V10: 33 | W10: 34 | X10: 34 | Y10: 35 | Z10: 36 | AA10: 36 | AB10: 37 | AC10: 38 | AD10: 38 | AE10: 39 | AF10: 40 | AG10: 40 | AH10: 41 | AI10: 41 | AJ10: 42
B11: 97 | C11: 21 | D11: 22 | E11: 22 | F11: 23 | G11: 24 | H11: 24 | I11: 25 | J11: 26 | K11: 26 | L11: 27 | M11: 27 | N11: 28 | O11: 29 | P11: 29 | Q11: 30 | R11: 31 | S11: 31 | T11: 32 | U11: 33 | V11: 33 | W11: 34 | X11: 34 | Y11: 35 | Z11: 36 | AA11: 36 | AB11: 37 | AC11: 38 | AD11: 38 | AE11: 39 | AF11: 40 | AG11: 40 | AH11: 41 | AI11: 41 | AJ11: 42
B12: 98 | C12: 21 | D12: 22 | E12: 22 | F12: 23 | G12: 24 | H12: 24 | I12: 25 | J12: 26 | K12: 26 | L12: 27 | M12: 27 | N12: 28 | O12: 29 | P12: 29 | Q12: 30 | R12: 31 | S12: 31 | T12: 32 | U12: 33 | V12: 33 | W12: 34 | X12: 34 | Y12: 35 | Z12: 36 | AA12: 36 | AB12: 37 | AC12: 38 | AD12: 38 | AE12: 39 | AF12: 40 | AG12: 40 | AH12: 41 | AI12: 41 | AJ12: 42
B13: 99 | C13: 21 | D13: 22 | E13: 22 | F13: 23 | G13: 24 | H13: 24 | I13: 25 | J13: 26 | K13: 26 | L13: 27 | M13: 27 | N13: 28 | O13: 29 | P13: 29 | Q13: 30 | R13: 31 | S13: 31 | T13: 32 | U13: 33 | V13: 33 | W13: 34 | X13: 34 | Y13: 35 | Z13: 36 | AA13: 36 | AB13: 37 | AC13: 38 | AD13: 38 | AE13: 39 | AF13: 40 | AG13: 40 | AH13: 41 | AI13: 41 | AJ13: 42
B14: 100 | C14: 21 | D14: 22 | E14: 22 | F14: 23 | G14: 24 | H14: 24 | I14: 25 | J14: 26 | K14: 26 | L14: 27 | M14: 27 | N14: 28 | O14: 29 | P14: 29 | Q14: 30 | R14: 31 | S14: 31 | T14: 32 | U14: 33 | V14: 33 | W14: 34 | X14: 34 | Y14: 35 | Z14: 36 | AA14: 36 | AB14: 37 | AC14: 38 | AD14: 38 | AE14: 39 | AF14: 40 | AG14: 40 | AH14: 41 | AI14: 41 | AJ14: 42
B15: 101 | C15: 21 | D15: 22 | E15: 22 | F15: 23 | G15: 24 | H15: 24 | I15: 25 | J15: 26 | K15: 26 | L15: 27 | M15: 27 | N15: 28 | O15: 29 | P15: 29 | Q15: 30 | R15: 31 | S15: 31 | T15: 32 | U15: 33 | V15: 33 | W15: 34 | X15: 34 | Y15: 35 | Z15: 36 | AA15: 36 | AB15: 37 | AC15: 38 | AD15: 38 | AE15: 39 | AF15: 40 | AG15: 40 | AH15: 41 | AI15: 41 | AJ15: 42
B16: 102 | C16: 21 | D16: 22 | E16: 22 | F16: 23 | G16: 24 | H16: 24 | I16: 25 | J16: 26 | K16: 26 | L16: 27 | M16: 27 | N16: 28 | O16: 29 | P16: 29 | Q16: 30 | R16: 31 | S16: 31 | T16: 32 | U16: 32 | V16: 33 | W16: 34 | X16: 34 | Y16: 35 | Z16: 36 | AA16: 36 | AB16: 37 | AC16: 38 | AD16: 38 | AE16: 39 | AF16: 39 | AG16: 40 | AH16: 41 | AI16: 41 | AJ16: 42
... B164: 250 | C164: 19 | D164: 19 | E164: 20 | F164: 21 | G164: 21 | H164: 22 | I164: 23 | J164: 23 | K164: 24 | L164: 25 | M164: 25 | N164: 26 | O164: 26 | P164: 27 | Q164: 28 | R164: 28 | S164: 29 | T164: 30 | U164: 30 | V164: 31 | W164: 32 | X164: 32 | Y164: 33 | Z164: 33 | AA164: 34 | AB164: 35 | AC164: 35 | AD164: 36 | AE164: 37 | AF164: 37 | AG164: 38 | AH164: 39 | AI164: 39 | AJ164: 40

Sheet Figure B-1 Male (OLD)
A1: Circumference Value | B1: Height (inches)
B2: 60 | C2: 60.5 | D2: 61 | E2: 61.5 | F2: 62 | G2: 62.5 | H2: 63 | I2: 63.5 | J2: 64 | K2: 64.5 | L2: 65 | M2: 65.5 | N2: 66 | O2: 66.5 | P2: 67 | Q2: 67.5 | R2: 68 | S2: 68.5 | T2: 69 | U2: 69.5 | V2: 70 | W2: 70.5 | X2: 71 | Y2: 71.5 | Z2: 72 | AA2: 72.5 | AB2: 73 | AC2: 73.5 | AD2: 74 | AE2: 74.5 | AF2: 75 | AG2: 75.5 | AH2: 76 | AI2: 76.5 | AJ2: 77 | AK2: 77.5 | AL2: 78 | AM2: 78.5 | AN2: 79 | AO2: 79.5
A3: 13.5 | B3: 9 | C3: 9
A4: 14 | B4: 11 | C4: 11 | D4: 10 | E4: 10 | F4: 10 | G4: 10 | H4: 9 | I4: 9
A5: 14.5 | B5: 12 | C5: 12 | D5: 12 | E5: 12 | F5: 11 | G5: 11 | H5: 11 | I5: 11 | J5: 10 | K5: 10 | L5: 10 | M5: 10 | N5: 9 | O5: 9
A6: 15 | B6: 13 | C6: 13 | D6: 13 | E6: 13 | F6: 12 | G6: 12 | H6: 12 | I6: 12 | J6: 11 | K6: 11 | L6: 11 | M6: 11 | N6: 10 | O6: 10 | P6: 10 | Q6: 10 | R6: 10 | S6: 9 | T6: 9
A7: 15.5 | B7: 15 | C7: 15 | D7: 15 | E7: 15 | F7: 15 | G7: 13 | H7: 13 | I7: 13 | J7: 13 | K7: 12 | L7: 12 | M7: 12 | N7: 12 | O7: 11 | P7: 11 | Q7: 11 | R7: 11 | S7: 11 | T7: 10 | U7: 10 | V7: 10 | W7: 10 | X7: 9 | Y7: 9 | Z7: 9
A8: 16 | B8: 16 | C8: 16 | D8: 15 | E8: 15 | F8: 15 | G8: 15 | H8: 14 | I8: 14 | J8: 14 | K8: 14 | L8: 13 | M8: 13 | N8: 13 | O8: 13 | P8: 12 | Q8: 12 | R8: 12 | S8: 12 | T8: 12 | U8: 11 | V8: 11 | W8: 11 | X8: 11 | Y8: 10 | Z8: 10 | AA8: 10 | AB8: 10 | AC8: 10 | AD8: 9
A9: 16.5 | B9: 17 | C9: 17 | D9: 16 | E9: 16 | F9: 16 | G9: 16 | H9: 15 | I9: 15 | J9: 15 | K9: 15 | L9: 14 | M9: 14 | N9: 14 | O9: 14 | P9: 14 | Q9: 13 | R9: 13 | S9: 13 | T9: 13 | U9: 12 | V9: 12 | W9: 12 | X9: 12 | Y9: 12 | Z9: 11 | AA9: 11 | AB9: 11 | AC9: 11 | AD9: 11 | AE9: 10 | AF9: 10 | AG9: 10 | AH9: 10 | AI9: 10 | AJ9: 9 | AK9: 9
A10: 17 | B10: 18 | C10: 18 | D10: 18 | E10: 17 | F10: 17 | G10: 17 | H10: 17 | I10: 16 | J10: 16 | K10: 16 | L10: 16 | M10: 15 | N10: 15 | O10: 15 | P10: 15 | Q10: 14 | R10: 14 | S10: 14 | T10: 14 | U10: 14 | V10: 13 | W10: 13 | X10: 13 | Y10: 13 | Z10: 13 | AA10: 12 | AB10: 12 | AC10: 12 | AD10: 12 | AE10: 11 | AF10: 11 | AG10: 11 | AH10: 11 | AI10: 11 | AJ10: 10 | AK10: 10 | AL10: 10 | AM10: 10 | AN10: 10 | AO10: 9
A11: 17.5 | B11: 19 | C11: 19 | D11: 19 | E11: 18 | F11: 18 | G11: 18 | H11: 18 | I11: 17 | J11: 17 | K11: 17 | L11: 17 | M11: 16 | N11: 16 | O11: 16 | P11: 16 | Q11: 16 | R11: 15 | S11: 15 | T11: 15 | U11: 15 | V11: 14 | W11: 14 | X11: 14 | Y11: 14 | Z11: 14 | AA11: 13 | AB11: 13 | AC11: 13 | AD11: 13 | AE11: 13 | AF11: 12 | AG11: 12 | AH11: 12 | AI11: 12 | AJ11: 12 | AK11: 11 | AL11: 11 | AM11: 11 | AN11: 11 | AO11: 11
A12: 18 | B12: 20 | C12: 20 | D12: 20 | E12: 19 | F12: 19 | G12: 19 | H12: 19 | I12: 18 | J12: 18 | K12: 18 | L12: 18 | M12: 18 | N12: 17 | O12: 17 | P12: 17 | Q12: 17 | R12: 16 | S12: 16 | T12: 16 | U12: 16 | V12: 15 | W12: 15 | X12: 15 | Y12: 15 | Z12: 15 | AA12: 14 | AB12: 14 | AC12: 14 | AD12: 14 | AE12: 14 | AF12: 13 | AG12: 13 | AH12: 13 | AI12: 13 | AJ12: 13 | AK12: 12 | AL12: 12 | AM12: 12 | AN12: 12 | AO12: 12
A13: 18.5 | B13: 21 | C13: 21 | D13: 21 | E13: 20 | F13: 20 | G13: 20 | H13: 20 | I13: 19 | J13: 19 | K13: 19 | L13: 19 | M13: 19 | N13: 18 | O13: 18 | P13: 18 | Q13: 18 | R13: 17 | S13: 17 | T13: 17 | U13: 17 | V13: 17 | W13: 16 | X13: 16 | Y13: 16 | Z13: 16 | AA13: 15 | AB13: 15 | AC13: 15 | AD13: 15 | AE13: 15 | AF13: 14 | AG13: 14 | AH13: 14 | AI13: 14 | AJ13: 14 | AK13: 13 | AL13: 13 | AM13: 13 | AN13: 13 | AO13: 13
A14: 19 | B14: 22 | C14: 22 | D14: 22 | E14: 21 | F14: 21 | G14: 21 | H14: 21 | I14: 20 | J14: 20 | K14: 20 | L14: 20 | M14: 20 | N14: 19 | O14: 19 | P14: 19 | Q14: 19 | R14: 18 | S14: 18 | T14: 18 | U14: 18 | V14: 18 | W14: 17 | X14: 17 | Y14: 17 | Z14: 17 | AA14: 16 | AB14: 16 | AC14: 16 | AD14: 16 | AE14: 16 | AF14: 15 | AG14: 15 | AH14: 15 | AI14: 15 | AJ14: 15 | AK14: 14 | AL14: 14 | AM14: 14 | AN14: 14 | AO14: 14
A15: 19.5 | B15: 23 | C15: 23 | D15: 23 | E15: 22 | F15: 22 | G15: 22 | H15: 22 | I15: 21 | J15: 21 | K15: 21 | L15: 21 | M15: 21 | N15: 20 | O15: 20 | P15: 20 | Q15: 20 | R15: 19 | S15: 19 | T15: 19 | U15: 19 | V15: 18 | W15: 18 | X15: 18 | Y15: 18 | Z15: 18 | AA15: 17 | AB15: 17 | AC15: 17 | AD15: 17 | AE15: 17 | AF15: 16 | AG15: 16 | AH15: 16 | AI15: 16 | AJ15: 16 | AK15: 15 | AL15: 15 | AM15: 15 | AN15: 15 | AO15: 15
A16: 20 | B16: 24 | C16: 24 | D16: 24 | E16: 23 | F16: 23 | G16: 23 | H16: 23 | I16: 22 | J16: 22 | K16: 22 | L16: 22 | M16: 21 | N16: 21 | O16: 21 | P16: 21 | Q16: 21 | R16: 20 | S16: 20 | T16: 20 | U16: 20 | V16: 19 | W16: 19 | X16: 19 | Y16: 19 | Z16: 19 | AA16: 18 | AB16: 18 | AC16: 18 | AD16: 18 | AE16: 18 | AF16: 17 | AG16: 17 | AH16: 17 | AI16: 17 | AJ16: 17 | AK16: 16 | AL16: 16 | AM16: 16 | AN16: 16 | AO16: 16
A17: 20.5 | B17: 25 | C17: 25 | D17: 25 | E17: 24 | F17: 24 | G17: 24 | H17: 24 | I17: 23 | J17: 23 | K17: 23 | L17: 23 | M17: 22 | N17: 22 | O17: 22 | P17: 22 | Q17: 21 | R17: 21 | S17: 21 | T17: 21 | U17: 21 | V17: 20 | W17: 20 | X17: 20 | Y17: 20 | Z17: 19 | AA17: 19 | AB17: 19 | AC17: 19 | AD17: 19 | AE17: 18 | AF17: 18 | AG17: 18 | AH17: 18 | AI17: 18 | AJ17: 17 | AK17: 17 | AL17: 17 | AM17: 17 | AN17: 17 | AO17: 16
A18: 21 | B18: 26 | C18: 26 | D18: 26 | E18: 25 | F18: 25 | G18: 25 | H18: 25 | I18: 24 | J18: 24 | K18: 24 | L18: 24 | M18: 23 | N18: 23 | O18: 23 | P18: 23 | Q18: 22 | R18: 22 | S18: 22 | T18: 22 | U18: 21 | V18: 21 | W18: 21 | X18: 21 | Y18: 21 | Z18: 20 | AA18: 20 | AB18: 20 | AC18: 20 | AD18: 20 | AE18: 19 | AF18: 19 | AG18: 19 | AH18: 19 | AI18: 19 | AJ18: 18 | AK18: 18 | AL18: 18 | AM18: 18 | AN18: 18 | AO18: 17
A19: 21.5 | B19: 27 | C19: 27 | D19: 27 | E19: 26 | F19: 26 | G19: 26 | H19: 26 | I19: 25 | J19: 25 | K19: 25 | L19: 24 | M19: 24 | N19: 24 | O19: 24 | P19: 23 | Q19: 23 | R19: 23 | S19: 23 | T19: 23 | U19: 22 | V19: 22 | W19: 22 | X19: 22 | Y19: 21 | Z19: 21 | AA19: 21 | AB19: 21 | AC19: 21 | AD19: 20 | AE19: 20 | AF19: 20 | AG19: 20 | AH19: 20 | AI19: 19 | AJ19: 19 | AK19: 19 | AL19: 19 | AM19: 19 | AN19: 18 | AO19: 18
A20: 22 | B20: 28 | C20: 27 | D20: 27 | E20: 27 | F20: 27 | G20: 26 | H20: 26 | I20: 26 | J20: 26 | K20: 25 | L20: 25 | M20: 25 | N20: 25 | O20: 25 | P20: 24 | Q20: 24 | R20: 24 | S20: 24 | T20: 23 | U20: 23 | V20: 23 | W20: 23 | X20: 23 | Y20: 22 | Z20: 22 | AA20: 22 | AB20: 22 | AC20: 22 | AD20: 21 | AE20: 21 | AF20: 21 | AG20: 21 | AH20: 20 | AI20: 20 | AJ20: 20 | AK20: 20 | AL20: 20 | AM20: 20 | AN20: 19 | AO20: 19
A21: 22.5 | B21: 29 | C21: 28 | D21: 28 | E21: 28 | F21: 28 | G21: 27 | H21: 27 | I21: 27 | J21: 27 | K21: 26 | L21: 26 | M21: 26 | N21: 26 | O21: 25 | P21: 25 | Q21: 25 | R21: 25 | S21: 24 | T21: 24 | U21: 24 | V21: 24 | W21: 24 | X21: 23 | Y21: 23 | Z21: 23 | AA21: 23 | AB21: 23 | AC21: 22 | AD21: 22 | AE21: 22 | AF21: 21 | AG21: 21 | AH21: 20 | AI21: 20 | AJ21: 20 | AK21: 20 | AL21: 20 | AM21: 20 | AN21: 19 | AO21: 19
... A32: 28 | B32: 37 | C32: 36 | D32: 36 | E32: 36 | F32: 36 | G32: 35 | H32: 35 | I32: 35 | J32: 35 | K32: 34 | L32: 34 | M32: 34 | N32: 34 | O32: 34 | P32: 33 | Q32: 33 | R32: 33 | S32: 33 | T32: 32 | U32: 32 | V32: 32 | W32: 32 | X32: 32 | Y32: 31 | Z32: 31 | AA32: 31 | AB32: 31 | AC32: 31 | AD32: 30 | AE32: 30 | AF32: 30 | AG32: 30 | AH32: 29 | AI32: 29 | AJ32: 29 | AK32: 29 | AL32: 29 | AM32: 29 | AN32: 28 | AO32: 28
A33: 28.5 | D33: 37 | E33: 37 | F33: 36 | G33: 36 | H33: 36 | I33: 36 | J33: 35 | K33: 35 | L33: 35 | M33: 35 | N33: 34 | O33: 34 | P33: 34 | Q33: 34 | R33: 34 | S33: 33 | T33: 33 | U33: 33 | V33: 33 | W33: 32 | X33: 32 | Y33: 32 | Z33: 32 | AA33: 32 | AB33: 31 | AC33: 31 | AD33: 31 | AE33: 31 | AF33: 31 | AG33: 30 | AH33: 30 | AI33: 30 | AJ33: 30 | AK33: 30 | AL33: 29 | AM33: 29 | AN33: 29 | AO33: 29
A34: 29 | F34: 37 | G34: 37 | H34: 37 | I34: 36 | J34: 36 | K34: 36 | L34: 36 | M34: 36 | N34: 36 | O34: 36 | P34: 35 | Q34: 35 | R34: 35 | S34: 35 | T34: 34 | U34: 34 | V34: 33 | W34: 33 | X34: 33 | Y34: 33 | Z34: 32 | AA34: 32 | AB34: 32 | AC34: 32 | AD34: 32 | AE34: 31 | AF34: 31 | AG34: 31 | AH34: 31 | AI34: 31 | AJ34: 30 | AK34: 30 | AL34: 30 | AM34: 30 | AN34: 30 | AO34: 29
A35: 29.5 | I35: 37 | J35: 37 | K35: 36 | L35: 36 | M35: 36 | N35: 36 | O35: 36 | P35: 35 | Q35: 35 | R35: 35 | S35: 35 | T35: 34 | U35: 34 | V35: 34 | W35: 34 | X35: 34 | Y35: 33 | Z35: 33 | AA35: 33 | AB35: 33 | AC35: 32 | AD35: 32 | AE35: 32 | AF35: 32 | AG35: 32 | AH35: 31 | AI35: 31 | AJ35: 31 | AK35: 31 | AL35: 31 | AM35: 30 | AN35: 30 | AO35: 30
A36: 30 | L36: 37 | M36: 37 | N36: 36 | O36: 36 | P36: 36 | Q36: 36 | R36: 35 | S36: 35 | T36: 35 | U36: 35 | V36: 35 | W36: 34 | X36: 34 | Y36: 34 | Z36: 34 | AA36: 34 | AB36: 33 | AC36: 33 | AD36: 33 | AE36: 33 | AF36: 32 | AG36: 32 | AH36: 32 | AI36: 32 | AJ36: 32 | AK36: 31 | AL36: 31 | AM36: 31 | AN36: 31 | AO36: 31
A37: 30.5 | N37: 37 | O37: 37 | P37: 37 | Q37: 36 | R37: 36 | S37: 36 | T37: 36 | U37: 35 | V37: 35 | W37: 35 | X37: 35 | Y37: 35 | Z37: 34 | AA37: 34 | AB37: 34 | AC37: 34 | AD37: 34 | AE37: 33 | AF37: 33 | AG37: 33 | AH37: 33 | AI37: 32 | AJ37: 32 | AK37: 32 | AL37: 32 | AM37: 32 | AN37: 32 | AO37: 31
A38: 31 | Q38: 37 | R38: 37 | S38: 36 | T38: 36 | U38: 36 | V38: 36 | W38: 36 | X38: 35 | Y38: 35 | Z38: 35 | AA38: 35 | AB38: 35 | AC38: 34 | AD38: 34 | AE38: 34 | AF38: 34 | AG38: 33 | AH38: 33 | AI38: 33 | AJ38: 33 | AK38: 33 | AL38: 33 | AM38: 32 | AN38: 32 | AO38: 32
A39: 31.5 | T39: 37 | U39: 37 | V39: 36 | W39: 36 | X39: 36 | Y39: 36 | Z39: 36 | AA39: 35 | AB39: 35 | AC39: 35 | AD39: 35 | AE39: 35 | AF39: 34 | AG39: 34 | AH39: 34 | AI39: 34 | AJ39: 33 | AK39: 33 | AL39: 33 | AM39: 33 | AN39: 33 | AO39: 33
A40: 32 | V40: 37 | W40: 37 | X40: 37 | Y40: 36 | Z40: 36 | AA40: 36 | AB40: 36 | AC40: 36 | AD40: 35 | AE40: 35 | AF40: 35 | AG40: 35 | AH40: 34 | AI40: 34 | AJ40: 34 | AK40: 34 | AL40: 34 | AM40: 33 | AN40: 33 | AO40: 33
A41: 32.5 | Y41: 37 | Z41: 37 | AA41: 36 | AB41: 36 | AC41: 36 | AD41: 36 | AE41: 36 | AF41: 35 | AG41: 35 | AH41: 35 | AI41: 35 | AJ41: 35 | AK41: 34 | AL41: 34 | AM41: 34 | AN41: 34 | AO41: 34
A42: 33 | AB42: 37 | AC42: 37 | AD42: 36 | AE42: 36 | AF42: 36 | AG42: 36 | AH42: 36 | AI42: 35 | AJ42: 35 | AK42: 35 | AL42: 35 | AM42: 35 | AN42: 34 | AO42: 34
A43: 33.5 | AE43: 37 | AF43: 37 | AG43: 36 | AH43: 36 | AI43: 36 | AJ43: 36 | AK43: 36 | AL43: 35 | AM43: 35 | AN43: 35 | AO43: 35
A44: 34 | AG44: 37 | AH44: 37 | AI44: 37 | AJ44: 36 | AK44: 36 | AL44: 36 | AM44: 36 | AN44: 36 | AO44: 35
A45: 34.5 | AJ45: 37 | AK45: 37 | AL45: 37 | AM45: 36 | AN45: 36 | AO45: 36
A46: 35 | AM46: 37 | AN46: 37 | AO46: 36

Sheet Figure B-2 Female (OLD)
A1: Circumference Value | B1: Height (inches)
B2: 58 | C2: 58.5 | D2: 59 | E2: 59.5 | F2: 60 | G2: 60.5 | H2: 61 | I2: 61.5 | J2: 62 | K2: 62.5 | L2: 63 | M2: 63.5 | N2: 64 | O2: 64.5 | P2: 65 | Q2: 65.5 | R2: 66 | S2: 66.5 | T2: 67 | U2: 67.5 | V2: 68 | W2: 68.5 | X2: 69 | Y2: 69.5 | Z2: 70 | AA2: 70.5 | AB2: 71 | AC2: 71.5 | AD2: 72 | AE2: 72.5
A3: 45 | B3: 19
A4: 45.5 | B4: 20 | C4: 20 | D4: 19
A5: 46 | B5: 21 | C5: 20 | D5: 20 | E5: 20 | F5: 19
A6: 46.5 | B6: 21 | C6: 21 | D6: 21 | E6: 20 | F6: 20 | G6: 20 | H6: 19 | I6: 19
A7: 47 | B7: 22 | C7: 22 | D7: 22 | E7: 21 | F7: 21 | G7: 20 | H7: 20 | I7: 20 | J7: 19 | K7: 19
A8: 47.5 | B8: 23 | C8: 23 | D8: 22 | E8: 22 | F8: 22 | G8: 21 | H8: 21 | I8: 21 | J8: 20 | K8: 20 | L8: 19 | M8: 19
A9: 48 | B9: 24 | C9: 23 | D9: 23 | E9: 23 | F9: 22 | G9: 22 | H9: 22 | I9: 21 | J9: 21 | K9: 21 | L9: 20 | M9: 20 | N9: 20 | O9: 19
A10: 48.5 | B10: 24 | C10: 24 | D10: 24 | E10: 23 | F10: 23 | G10: 23 | H10: 22 | I10: 22 | J10: 22 | K10: 21 | L10: 21 | M10: 21 | N10: 20 | O10: 20 | P10: 20 | Q10: 19
A11: 49 | B11: 25 | C11: 25 | D11: 24 | E11: 24 | F11: 24 | G11: 23 | H11: 23 | I11: 23 | J11: 22 | K11: 22 | L11: 22 | M11: 21 | N11: 21 | O11: 21 | P11: 20 | Q11: 20 | R11: 20 | S11: 19 | T11: 19
A12: 49.5 | B12: 26 | C12: 26 | D12: 25 | E12: 25 | F12: 24 | G12: 24 | H12: 24 | I12: 23 | J12: 23 | K12: 23 | L12: 22 | M12: 22 | N12: 22 | O12: 21 | P12: 21 | Q12: 21 | R12: 20 | S12: 20 | T12: 20 | U12: 19 | V12: 19
A13: 50 | B13: 27 | C13: 26 | D13: 26 | E13: 26 | F13: 25 | G13: 25 | H13: 24 | I13: 24 | J13: 24 | K13: 23 | L13: 23 | M13: 23 | N13: 22 | O13: 22 | P13: 22 | Q13: 22 | R13: 21 | S13: 21 | T13: 21 | U13: 20 | V13: 20 | W13: 20 | X13: 19
A14: 50.5 | B14: 27 | C14: 27 | D14: 27 | E14: 26 | F14: 26 | G14: 26 | H14: 25 | I14: 25 | J14: 25 | K14: 24 | L14: 24 | M14: 23 | N14: 23 | O14: 23 | P14: 23 | Q14: 22 | R14: 22 | S14: 22 | T14: 21 | U14: 21 | V14: 21 | W14: 20 | X14: 20 | Y14: 20 | Z14: 19 | AA14: 19
A15: 51 | B15: 28 | C15: 28 | D15: 27 | E15: 27 | F15: 27 | G15: 26 | H15: 26 | I15: 26 | J15: 25 | K15: 25 | L15: 25 | M15: 24 | N15: 24 | O15: 24 | P15: 23 | Q15: 23 | R15: 23 | S15: 22 | T15: 22 | U15: 22 | V15: 22 | W15: 22 | X15: 21 | Y15: 21 | Z15: 21 | AA15: 20 | AB15: 20 | AC15: 20 | AD15: 20 | AE15: 19
A16: 51.5 | B16: 29 | C16: 28 | D16: 28 | E16: 28 | F16: 27 | G16: 27 | H16: 27 | I16: 26 | J16: 26 | K16: 26 | L16: 25 | M16: 25 | N16: 25 | O16: 24 | P16: 24 | Q16: 24 | R16: 23 | S16: 23 | T16: 23 | U16: 22 | V16: 22 | W16: 22 | X16: 21 | Y16: 21 | Z16: 21 | AA16: 20 | AB16: 20 | AC16: 20 | AD16: 20 | AE16: 19
A17: 52 | B17: 29 | C17: 29 | D17: 29 | E17: 28 | F17: 28 | G17: 28 | H17: 27 | I17: 27 | J17: 27 | K17: 26 | L17: 26 | M17: 26 | N17: 25 | O17: 25 | P17: 25 | Q17: 24 | R17: 24 | S17: 24 | T17: 23 | U17: 23 | V17: 23 | W17: 22 | X17: 22 | Y17: 22 | Z17: 21 | AA17: 21 | AB17: 21 | AC17: 21 | AD17: 20 | AE17: 20
A18: 52.5 | B18: 30 | C18: 30 | D18: 29 | E18: 29 | F18: 29 | G18: 28 | H18: 28 | I18: 28 | J18: 27 | K18: 27 | L18: 27 | M18: 26 | N18: 26 | O18: 26 | P18: 25 | Q18: 25 | R18: 25 | S18: 24 | T18: 24 | U18: 24 | V18: 23 | W18: 23 | X18: 23 | Y18: 22 | Z18: 22 | AA18: 22 | AB18: 22 | AC18: 21 | AD18: 21 | AE18: 21
A19: 53 | B19: 31 | C19: 30 | D19: 30 | E19: 30 | F19: 29 | G19: 29 | H19: 29 | I19: 28 | J19: 28 | K19: 28 | L19: 27 | M19: 27 | N19: 27 | O19: 26 | P19: 26 | Q19: 26 | R19: 25 | S19: 25 | T19: 25 | U19: 24 | V19: 24 | W19: 24 | X19: 23 | Y19: 23 | Z19: 23 | AA19: 22 | AB19: 22 | AC19: 22 | AD19: 22 | AE19: 21
A20: 53.5 | B20: 31 | C20: 31 | D20: 31 | E20: 30 | F20: 30 | G20: 30 | H20: 29 | I20: 29 | J20: 29 | K20: 28 | L20: 28 | M20: 28 | N20: 27 | O20: 27 | P20: 27 | Q20: 26 | R20: 26 | S20: 26 | T20: 25 | U20: 25 | V20: 25 | W20: 24 | X20: 24 | Y20: 24 | Z20: 23 | AA20: 23 | AB20: 23 | AC20: 23 | AD20: 22 | AE20: 22
A21: 54 | B21: 32 | C21: 32 | D21: 31 | E21: 31 | F21: 31 | G21: 30 | H21: 30 | I21: 30 | J21: 29 | K21: 29 | L21: 29 | M21: 28 | N21: 28 | O21: 28 | P21: 27 | Q21: 27 | R21: 27 | S21: 26 | T21: 26 | U21: 26 | V21: 25 | W21: 25 | X21: 25 | Y21: 24 | Z21: 24 | AA21: 24 | AB21: 24 | AC21: 23 | AD21: 23 | AE21: 23
A22: 54.5 | B22: 33 | C22: 32 | D22: 32 | E22: 32 | F22: 31 | G22: 31 | H22: 31 | I22: 30 | J22: 30 | K22: 30 | L22: 29 | M22: 29 | N22: 29 | O22: 28 | P22: 28 | Q22: 28 | R22: 27 | S22: 27 | T22: 27 | U22: 26 | V22: 26 | W22: 26 | X22: 25 | Y22: 25 | Z22: 25 | AA22: 24 | AB22: 24 | AC22: 24 | AD22: 24 | AE22: 23
A23: 55 | B23: 33 | C23: 33 | D23: 33 | E23: 32 | F23: 32 | G23: 32 | H23: 31 | I23: 31 | J23: 31 | K23: 30 | L23: 30 | M23: 30 | N23: 29 | O23: 29 | P23: 29 | Q23: 28 | R23: 28 | S23: 28 | T23: 27 | U23: 27 | V23: 27 | W23: 26 | X23: 26 | Y23: 26 | Z23: 25 | AA23: 25 | AB23: 25 | AC23: 25 | AD23: 24 | AE23: 24
A24: 55.5 | B24: 34 | C24: 34 | D24: 33 | E24: 33 | F24: 33 | G24: 32 | H24: 32 | I24: 32 | J24: 31 | K24: 31 | L24: 31 | M24: 30 | N24: 30 | O24: 30 | P24: 29 | Q24: 29 | R24: 29 | S24: 28 | T24: 28 | U24: 28 | V24: 27 | W24: 27 | X24: 27 | Y24: 26 | Z24: 26 | AA24: 26 | AB24: 25 | AC24: 25 | AD24: 25 | AE24: 25
A25: 56 | B25: 35 | C25: 34 | D25: 34 | E25: 34 | F25: 33 | G25: 33 | H25: 33 | I25: 32 | J25: 32 | K25: 31 | L25: 31 | M25: 31 | N25: 30 | O25: 30 | P25: 30 | Q25: 30 | R25: 29 | S25: 29 | T25: 29 | U25: 28 | V25: 28 | W25: 28 | X25: 27 | Y25: 27 | Z25: 27 | AA25: 26 | AB25: 26 | AC25: 26 | AD25: 25 | AE25: 25
A26: 56.5 | B26: 35 | C26: 35 | D26: 35 | E26: 34 | F26: 34 | G26: 34 | H26: 33 | I26: 33 | J26: 32 | K26: 32 | L26: 32 | M26: 31 | N26: 31 | O26: 31 | P26: 30 | Q26: 30 | R26: 30 | S26: 29 | T26: 29 | U26: 29 | V26: 29 | W26: 28 | X26: 28 | Y26: 28 | Z26: 27 | AA26: 27 | AB26: 27 | AC26: 26 | AD26: 26 | AE26: 26
... A46: 66.5 | B46: 47 | C46: 46 | D46: 46 | E46: 46 | F46: 45 | G46: 45 | H46: 45 | I46: 44 | J46: 44 | K46: 44 | L46: 43 | M46: 43 | N46: 43 | O46: 42 | P46: 42 | Q46: 42 | R46: 41 | S46: 41 | T46: 41 | U46: 40 | V46: 40 | W46: 40 | X46: 39 | Y46: 39 | Z46: 39 | AA46: 39 | AB46: 38 | AC46: 38 | AD46: 38 | AE46: 37
A47: 67 | D47: 47 | E47: 46 | F47: 46 | G47: 46 | H47: 45 | I47: 45 | J47: 45 | K47: 44 | L47: 44 | M47: 44 | N47: 43 | O47: 43 | P47: 43 | Q47: 42 | R47: 42 | S47: 42 | T47: 41 | U47: 41 | V47: 41 | W47: 40 | X47: 40 | Y47: 40 | Z47: 39 | AA47: 39 | AB47: 39 | AC47: 39 | AD47: 38 | AE47: 38
A48: 67.5 | E48: 47 | F48: 46 | G48: 46 | H48: 46 | I48: 45 | J48: 45 | K48: 45 | L48: 44 | M48: 44 | N48: 44 | O48: 43 | P48: 43 | Q48: 43 | R48: 42 | S48: 42 | T48: 42 | U48: 41 | V48: 41 | W48: 41 | X48: 41 | Y48: 40 | Z48: 40 | AA48: 40 | AB48: 39 | AC48: 39 | AD48: 39 | AE48: 38
A49: 68 | F49: 47 | G49: 47 | H49: 46 | I49: 46 | J49: 46 | K49: 45 | L49: 45 | M49: 45 | N49: 44 | O49: 44 | P49: 44 | Q49: 43 | R49: 43 | S49: 43 | T49: 42 | U49: 42 | V49: 42 | W49: 41 | X49: 41 | Y49: 41 | Z49: 40 | AA49: 40 | AB49: 40 | AC49: 40 | AD49: 39 | AE49: 39
A50: 68.5 | H50: 47 | I50: 46 | J50: 46 | K50: 46 | L50: 45 | M50: 45 | N50: 45 | O50: 44 | P50: 44 | Q50: 44 | R50: 43 | S50: 43 | T50: 43 | U50: 43 | V50: 42 | W50: 42 | X50: 42 | Y50: 41 | Z50: 41 | AA50: 41 | AB50: 40 | AC50: 40 | AD50: 40 | AE50: 39
A51: 69 | I51: 47 | J51: 47 | K51: 46 | L51: 46 | M51: 46 | N51: 45 | O51: 45 | P51: 45 | Q51: 44 | R51: 44 | S51: 44 | T51: 43 | U51: 43 | V51: 43 | W51: 42 | X51: 42 | Y51: 42 | Z51: 41 | AA51: 41 | AB51: 41 | AC51: 41 | AD51: 40 | AE51: 40
A52: 69.5 | K52: 47 | L52: 46 | M52: 46 | N52: 46 | O52: 45 | P52: 45 | Q52: 45 | R52: 44 | S52: 44 | T52: 44 | U52: 44 | V52: 43 | W52: 43 | X52: 43 | Y52: 42 | Z52: 42 | AA52: 42 | AB52: 41 | AC52: 41 | AD52: 41 | AE52: 41
A53: 70 | L53: 47 | M53: 47 | N53: 46 | O53: 46 | P53: 46 | Q53: 45 | R53: 45 | S53: 45 | T53: 44 | U53: 44 | V53: 44 | W53: 43 | X53: 43 | Y53: 43 | Z53: 43 | AA53: 42 | AB53: 42 | AC53: 42 | AD53: 41 | AE53: 41
A54: 70.5 | N54: 47 | O54: 46 | P54: 46 | Q54: 46 | R54: 46 | S54: 45 | T54: 45 | U54: 45 | V54: 44 | W54: 44 | X54: 44 | Y54: 43 | Z54: 43 | AA54: 43 | AB54: 42 | AC54: 42 | AD54: 42 | AE54: 42
A55: 71 | O55: 47 | P55: 47 | Q55: 46 | R55: 46 | S55: 46 | T55: 45 | U55: 45 | V55: 45 | W55: 44 | X55: 44 | Y55: 44 | Z55: 44 | AA55: 43 | AB55: 43 | AC55: 43 | AD55: 42 | AE55: 42
A56: 71.5 | Q56: 47 | R56: 47 | S56: 46 | T56: 46 | U56: 46 | V56: 45 | W56: 45 | X56: 45 | Y56: 44 | Z56: 44 | AA56: 44 | AB56: 43 | AC56: 43 | AD56: 43 | AE56: 43
A57: 72 | R57: 47 | S57: 47 | T57: 46 | U57: 46 | V57: 46 | W57: 45 | X57: 45 | Y57: 45 | Z57: 45 | AA57: 44 | AB57: 44 | AC57: 44 | AD57: 43 | AE57: 43
A58: 72.5 | T58: 47 | U58: 47 | V58: 46 | W58: 46 | X58: 46 | Y58: 45 | Z58: 45 | AA58: 45 | AB58: 44 | AC58: 44 | AD58: 44 | AE58: 44
A59: 73 | V59: 47 | W59: 46 | X59: 46 | Y59: 46 | Z59: 45 | AA59: 45 | AB59: 45 | AC59: 45 | AD59: 44 | AE59: 44
A60: 73.5 | W60: 47 | X60: 47 | Y60: 46 | Z60: 46 | AA60: 46 | AB60: 45 | AC60: 45 | AD60: 45 | AE60: 44
A61: 74 | Y61: 47 | Z61: 46 | AA61: 46 | AB61: 46 | AC61: 46 | AD61: 45 | AE61: 45
A62: 74.5 | Z62: 47 | AA62: 47 | AB62: 46 | AC62: 46 | AD62: 46 | AE62: 45
A63: 75 | AB63: 47 | AC63: 46 | AD63: 46 | AE63: 46
A64: 75.5 | AC64: 47 | AD64: 47 | AE64: 46
A65: 76 | AE65: 47

Sheet Sheet2

Sheet Table B-1 (old)
A1: Table B-1
A2: Weight for height table (screening table weight)
C3: Male weight in pounds, by age | G3: Female weight in poinds, by age
A4: Height (inches) | B4: Minimum weight (pounds) | C4: 17-20 | D4: 21-27 | E4: 28-39 | F4: 40+ | G4: 17-20 | H4: 21-27 | I4: 28-39 | J4: 40+
A5: 58 | B5: 91 | C5: - | D5: - | E5: - | F5: - | G5: 119 | H5: 121 | I5: 122 | J5: 124
A6: 59 | B6: 94 | C6: - | D6: - | E6: - | F6: - | G6: 124 | H6: 125 | I6: 126 | J6: 128
A7: 60 | B7: 97 | C7: 132 | D7: 136 | E7: 139 | F7: 141 | G7: 128 | H7: 129 | I7: 131 | J7: 133
A8: 61 | B8: 100 | C8: 136 | D8: 140 | E8: 144 | F8: 146 | G8: 132 | H8: 134 | I8: 135 | J8: 137
A9: 62 | B9: 104 | C9: 141 | D9: 144 | E9: 148 | F9: 150 | G9: 136 | H9: 138 | I9: 140 | J9: 142
A10: 63 | B10: 107 | C10: 145 | D10: 149 | E10: 153 | F10: 155 | G10: 141 | H10: 143 | I10: 144 | J10: 146
A11: 64 | B11: 110 | C11: 150 | D11: 154 | E11: 158 | F11: 160 | G11: 145 | H11: 147 | I11: 149 | J11: 151
A12: 65 | B12: 114 | C12: 155 | D12: 159 | E12: 163 | F12: 165 | G12: 150 | H12: 152 | I12: 154 | J12: 156
A13: 66 | B13: 117 | C13: 160 | D13: 163 | E13: 168 | F13: 170 | G13: 155 | H13: 156 | I13: 158 | J13: 161
A14: 67 | B14: 121 | C14: 165 | D14: 169 | E14: 174 | F14: 176 | G14: 159 | H14: 161 | I14: 163 | J14: 166
A15: 68 | B15: 125 | C15: 170 | D15: 174 | E15: 179 | F15: 181 | G15: 164 | H15: 166 | I15: 168 | J15: 171
A16: 69 | B16: 128 | C16: 175 | D16: 179 | E16: 184 | F16: 186 | G16: 169 | H16: 171 | I16: 173 | J16: 176
A17: 70 | B17: 132 | C17: 180 | D17: 185 | E17: 189 | F17: 192 | G17: 174 | H17: 176 | I17: 178 | J17: 181
A18: 71 | B18: 136 | C18: 185 | D18: 189 | E18: 194 | F18: 197 | G18: 179 | H18: 181 | I18: 183 | J18: 186
... A27: 80 | B27: 173 | C27: 234 | D27: 240 | E27: 247 | F27: 250 | G27: 227 | H27: 230 | I27: 233 | J27: 236
